module_cost,module_m2,eta,lcoe_median,lcoe_p10,lcoe_p90,capex_kwdc,p_below_csi
low,50.00000,0.05000,167.16974,124.50115,232.88745,3093.39501,0.00000
low,50.00000,0.06000,143.17485,106.65238,199.35026,2623.73250,0.00000
low,50.00000,0.07000,126.00255,93.92322,175.36618,2288.25928,0.00000
low,50.00000,0.08000,113.11824,84.54149,157.39047,2036.65436,0.00000
low,50.00000,0.09000,103.12212,77.03610,143.56962,1840.96165,0.00000
low,50.00000,0.10000,95.13838,71.05745,132.36774,1684.40748,0.00000
low,50.00000,0.11000,88.58040,66.18437,123.19713,1556.31771,0.00000
low,50.00000,0.12000,83.07536,62.10408,115.61257,1449.57623,0.00000
low,50.00000,0.13000,78.48727,58.67889,109.30912,1359.25651,0.00000
low,50.00000,0.14000,74.52557,55.72577,103.83664,1281.83962,0.00000
low,50.00000,0.15000,71.05440,53.18183,99.05395,1214.74497,0.00000
low,50.00000,0.16000,68.04841,50.93150,94.80229,1156.03716,0.00000
low,50.00000,0.17000,65.40032,48.95893,91.18025,1104.23615,0.00000
low,50.00000,0.18000,63.05233,47.21558,87.86623,1058.19080,0.00000
low,50.00000,0.19000,60.94317,45.71516,84.96716,1016.99234,0.00000
low,50.00000,0.20000,59.06173,44.31931,82.24470,979.91372,0.00000
low,50.00000,0.21000,57.32926,43.01185,79.83851,946.36640,1.00000
low,50.00000,0.22000,55.76232,41.88367,77.66902,915.86883,1.00000
low,50.00000,0.23000,54.38139,40.82160,75.62722,888.02323,1.00000
low,50.00000,0.24000,53.07491,39.84430,73.73582,862.49809,1.00000
low,50.00000,0.25000,51.88860,38.96899,72.01780,839.01497,1.00000
low,50.00000,0.26000,50.78056,38.16154,70.45762,817.33823,1.00000
low,50.00000,0.27000,49.76793,37.41723,69.04084,797.26719,1.00000
low,50.00000,0.28000,48.80580,36.71629,67.73389,778.62979,1.00000
low,50.00000,0.29000,47.91336,36.06852,66.45005,761.27772,1.00000
low,50.00000,0.30000,47.04429,35.44239,65.32005,745.08246,1.00000
med,85.00000,0.05000,207.55774,154.52385,289.70786,3883.53422,0.00000
med,85.00000,0.06000,176.88346,131.67857,246.40581,3282.18184,0.00000
med,85.00000,0.07000,154.84286,115.33187,215.69803,2852.64443,0.00000
med,85.00000,0.08000,138.42979,103.10962,192.68465,2530.49137,0.00000
med,85.00000,0.09000,125.57667,93.61362,174.77197,2279.92788,0.00000
med,85.00000,0.10000,115.30836,86.14502,160.49511,2079.47709,0.00000
med,85.00000,0.11000,106.91859,79.88198,148.81673,1915.47189,0.00000
med,85.00000,0.12000,99.98186,74.65334,139.07950,1778.80090,0.00000
med,85.00000,0.13000,94.04932,70.25253,130.81496,1663.15621,0.00000
med,85.00000,0.14000,88.97157,66.47685,123.74639,1564.03219,0.00000
med,85.00000,0.15000,84.53656,63.19544,117.67574,1478.12471,0.00000
med,85.00000,0.16000,80.69699,60.32833,112.34509,1402.95566,0.00000
med,85.00000,0.17000,77.32076,57.81381,107.72788,1336.63003,0.00000
med,85.00000,0.18000,74.31129,55.56091,103.53122,1277.67392,0.00000
med,85.00000,0.19000,71.58535,53.55938,99.78717,1224.92371,0.00000
med,85.00000,0.20000,69.14620,51.76163,96.32715,1177.44852,0.00000
med,85.00000,0.21000,66.96257,50.09618,93.27570,1134.49478,0.00000
med,85.00000,0.22000,64.95597,48.64193,90.53880,1095.44592,0.00000
med,85.00000,0.23000,63.13518,47.27748,87.98135,1059.79262,0.00000
med,85.00000,0.24000,61.46027,46.08245,85.67815,1027.11043,0.00000
med,85.00000,0.25000,59.92912,44.98496,83.50957,997.04281,0.00000
med,85.00000,0.26000,58.51408,43.89569,81.47274,969.28808,1.00000
med,85.00000,0.27000,57.18655,42.91365,79.64096,943.58926,1.00000
med,85.00000,0.28000,55.96096,42.01839,77.94341,919.72607,1.00000
med,85.00000,0.29000,54.85385,41.18934,76.32048,897.50862,1.00000
med,85.00000,0.30000,53.81633,40.37837,74.79962,876.77233,1.00000
high,335.00000,0.05000,496.49786,367.96113,694.31879,9527.38573,0.00000
high,335.00000,0.06000,417.70377,309.58315,583.41506,7985.39143,0.00000
high,335.00000,0.07000,361.19248,267.99762,504.31234,6883.96694,0.00000
high,335.00000,0.08000,318.77254,236.87313,445.06999,6057.89856,0.00000
high,335.00000,0.09000,285.80514,212.51116,399.07194,5415.40094,0.00000
high,335.00000,0.10000,259.53111,193.00755,362.30174,4901.40284,0.00000
high,335.00000,0.11000,238.08003,177.21640,332.25652,4480.85894,0.00000
high,335.00000,0.12000,220.18532,163.90215,307.21979,4130.40569,0.00000
high,335.00000,0.13000,205.01989,152.63712,286.10783,3833.86833,0.00000
high,335.00000,0.14000,192.04610,142.98138,267.71401,3579.69345,0.00000
high,335.00000,0.15000,180.78464,134.61307,251.93574,3359.40855,0.00000
high,335.00000,0.16000,170.94209,127.29120,238.13364,3166.65926,0.00000
high,335.00000,0.17000,162.21524,120.78979,225.95532,2996.58636,0.00000
high,335.00000,0.18000,154.47490,115.06181,215.17392,2845.41045,0.00000
high,335.00000,0.19000,147.56138,109.95099,205.52527,2710.14779,0.00000
high,335.00000,0.20000,141.38361,105.30842,196.82231,2588.41140,0.00000
high,335.00000,0.21000,135.75730,101.12624,189.01408,2478.26895,0.00000
high,335.00000,0.22000,130.62538,97.32200,181.78549,2378.13945,0.00000
high,335.00000,0.23000,125.92360,93.86590,175.25617,2286.71686,0.00000
high,335.00000,0.24000,121.66049,90.73991,169.30197,2202.91282,0.00000
high,335.00000,0.25000,117.68798,87.89559,163.83798,2125.81311,0.00000
high,335.00000,0.26000,114.04419,85.22288,158.68912,2054.64414,0.00000
high,335.00000,0.27000,110.64989,82.69100,153.97341,1988.74695,0.00000
high,335.00000,0.28000,107.54399,80.34388,149.65993,1927.55670,0.00000
high,335.00000,0.29000,104.62898,78.15364,145.67513,1870.58647,0.00000
high,335.00000,0.30000,101.93645,76.13535,141.89213,1817.41425,0.00000
