formula,material_id,ehull_pred_meV,true_ehull_vs_rest_meV,true_ehull_meV,p_ehull_le_50,panel,threshold_meV,n_p_ge_0.5
Na2TlAsF6,mp-1111404,220.589,221.486,221.486,0.03691,a,,
Rb2EuCuCl6,mp-1113297,30.3059,-23.2073,0,0.70449,a,,
K2HgIrF6,mp-1111958,107.689,151.184,151.184,0.20076,a,,
K2MnTlF6,mp-1111371,48.2632,67.0571,67.0571,0.57566,a,,
Na2MnAgF6,mp-1111324,116.488,157.989,157.989,0.17262,a,,
Cs2HgMoF6,mp-1113177,-13.1597,-1.83226,0,0.87245,a,,
K2ScTlF6,mp-1111416,63.3399,54.0216,54.0216,0.45355,a,,
Cs2CoAgF6,mp-1113539,-20.902,43.1196,43.1196,0.88833,a,,
Rb2YAuCl6,mp-1111711,110.547,113.16,113.16,0.19136,a,,
Rb2AgBiI6,mp-1110821,69.3007,48.9026,48.9026,0.40819,a,,
Na2SbAuF6,mp-1111412,443.787,468.033,468.033,0.00433,a,,
Cs2GaAgI6,mp-1113594,51.8612,75.1722,75.1722,0.5467,a,,
Na2ScHgF6,mp-1111062,231.138,306.557,306.557,0.03203,a,,
Rb2GaAgBr6,mp-1111731,107.409,85.5676,85.5676,0.20161,a,,
Rb2GaHgCl6,mp-1113320,78.9862,124.499,124.499,0.34228,a,,
Na2FeHgF6,mp-1111180,293.111,259.721,259.721,0.01524,a,,
Rb2InSbCl6,mp-1114061,24.6477,26.839,26.839,0.73622,a,,
Rb2ScCuCl6,mp-1113560,15.1949,6.49081,6.49081,0.78295,a,,
K2InAsBr6,mp-1110640,52.7564,124.765,124.765,0.53882,a,,
Cs2HgAsI6,mp-1112908,81.4206,29.7574,29.7574,0.32712,a,,
Rb2SmCuCl6,mp-1112430,63.7064,54.7612,54.7612,0.45072,a,,
Cs2NbAuF6,mp-1112641,346.112,267.427,267.427,0.00935,a,,
Cs2NbTlF6,mp-1111976,91.5818,129.744,129.744,0.2705,a,,
Cs2BiAuF6,mp-1113148,97.2769,113.889,113.889,0.24282,a,,
Cs2VAgF6,mp-1112639,144.472,140.345,140.345,0.10842,a,,
Cs2YTlI6,mp-1112156,78.7436,3.94112,3.94112,0.34382,a,,
Cs2YCuBr6,mp-1111878,71.1542,48.9355,48.9355,0.39494,a,,
Cs2GdAgCl6,mp-1113592,6.52852,-10.4868,0,0.81729,a,,
Cs2HgSbBr6,mp-1113296,52.4523,37.3688,37.3688,0.54165,a,,
K2InSbCl6,mp-1112017,70.7051,98.8026,98.8026,0.39805,a,,
Rb2CeCuF6,mp-1113307,119.279,124.437,124.437,0.16396,a,,
K2TaAgBr6,mp-1112085,220.587,200.385,200.385,0.03691,a,,
Rb2AlAuCl6,mp-1111467,213.655,156.401,156.401,0.04047,a,,
Cs2AlAuF6,mp-1113113,177.602,139.919,139.919,0.0662,a,,
Rb2LuAuCl6,mp-1113494,169.88,97.1598,97.1598,0.07348,a,,
Rb2TiAuF6,mp-1111401,250.345,273.829,273.829,0.02516,a,,
K2LuAuCl6,mp-1112066,150.614,81.266,81.266,0.09858,a,,
K2YTlBr6,mp-1111194,100.986,65.7223,65.7223,0.22674,a,,
Cs2YCuCl6,mp-1112909,36.6118,40.1927,40.1927,0.66408,a,,
K2GaHgBr6,mp-1112204,178.618,140.969,140.969,0.06522,a,,
Rb2CuSbBr6,mp-1110719,78.9941,40.6925,40.6925,0.3422,a,,
Cs2SbAuI6,mp-1112922,69.2101,57.3352,57.3352,0.40891,a,,
Rb2CeCuBr6,mp-1113597,83.2175,62.8927,62.8927,0.31639,a,,
Rb2YHgCl6,mp-1114078,145.733,129.629,129.629,0.10614,a,,
Cs2GaAuCl6,mp-1113218,151.687,161.223,161.223,0.09705,a,,
K2TlAgI6,mp-1112078,98.323,93.0926,93.0926,0.23851,a,,
Na2YCuCl6,mp-1111514,100.315,160.292,160.292,0.23008,a,,
Na2GaHgF6,mp-1111169,278.653,249.765,249.765,0.0177,a,,
K2CuAsF6,mp-1112251,142.231,102.437,102.437,0.11251,a,,
K2PrCuBr6,mp-1110907,98.4184,103.638,103.638,0.23806,a,,
Cs2ScHgI6,mp-1112899,21.8395,36.9754,36.9754,0.75133,a,,
K2CuBiCl6,mp-1110871,19.8231,-1.53679,0,0.76207,a,,
Na2YAgF6,mp-1111092,222.166,240.043,240.043,0.03613,a,,
Cs2CuSbBr6,mp-1111879,103.343,37.6184,37.6184,0.21731,a,,
Rb2NdAuCl6,mp-1113660,114.296,136.931,136.931,0.17926,a,,
Rb2TlAuI6,mp-1111787,8.56472,72.0422,72.0422,0.81014,a,,
Cs2ScTlF6,mp-1112337,29.5007,-20.3453,0,0.70938,a,,
K2TbAgCl6,mp-1112446,90.2711,43.0633,43.0633,0.27704,a,,
Rb2CuRuF6,mp-1113795,54.6303,79.0778,79.0778,0.52318,a,,
Rb2ScAuI6,mp-1111788,50.0061,72.8544,72.8544,0.56186,a,,
Cs2CeAgCl6,mp-1113570,59.3777,24.8439,24.8439,0.48462,a,,
K2InAuCl6,mp-1111983,131.477,91.2551,91.2551,0.13355,a,,
Rb2YInF6,mp-1113931,54.376,45.1838,45.1838,0.52526,a,,
Rb2PrAgBr6,mp-1110818,83.6145,50.2196,50.2196,0.31404,a,,
K2AlHgF6,mp-1112209,153.584,140.392,140.392,0.09423,a,,
K2TlAuCl6,mp-1112414,26.5286,84.4432,84.4432,0.72659,a,,
K2InSbBr6,mp-1112183,13.863,86.6381,86.6381,0.78843,a,,
K2VHgF6,mp-1112011,128.654,175.592,175.592,0.13983,a,,
K2SmAgCl6,mp-1112087,88.0476,59.257,59.257,0.28905,a,,
K2AlTlBr6,mp-1111591,110.383,110.257,110.257,0.19186,a,,
K2AlAuI6,mp-1112438,82.9302,149.167,149.167,0.31805,a,,
K2GdAuCl6,mp-1112068,131.149,146.092,146.092,0.13419,a,,
Li2CrTeO6,mp-1178016,28.1579,85.7127,85.7127,0.71728,a,,
K2CeAgF6,mp-1112335,182.566,219.628,219.628,0.06165,a,,
Cs2TlGaI6,mp-1112110,52.9533,77.6985,77.6985,0.53715,a,,
Na2AsAuF6,mp-1111089,341.835,400.199,400.199,0.00969,a,,
Na2InAgCl6,mp-1111534,117.278,122.314,122.314,0.17024,a,,
Cs2InAuF6,mp-1112611,111.864,105.094,105.094,0.18709,a,,
K2AgBiCl6,mp-1110920,-21.5053,-20.4765,0,0.88936,a,,
Cs2AlInF6,mp-1112586,-22.3911,11.5528,11.5528,0.89108,a,,
Cs2TlAgCl6,mp-1113442,-58.1287,-17.397,0,0.93651,a,,
Rb2TlCrF6,mp-1113651,88.3332,1.02364,1.02364,0.28758,a,,
Na2CoAuF6,mp-1111141,291.668,276.586,276.586,0.01539,a,,
Rb2GdAgCl6,mp-1111486,36.1069,10.4133,10.4133,0.66778,a,,
Na2InAgBr6,mp-1111184,167.18,154.405,154.405,0.0765,a,,
Cs2TaCuBr6,mp-1112910,125.851,204.773,204.773,0.1465,a,,
Cs2RuAuF6,mp-1113110,166.087,194.497,194.497,0.07788,a,,
K2AgBiF6,mp-1110851,131.677,85.7585,85.7585,0.1332,a,,
K2AsAuCl6,mp-1112434,78.0743,92.0714,92.0714,0.34838,a,,
Na2ScAuF6,mp-1111084,261.706,317.226,317.226,0.02149,a,,
K2AlTlI6,mp-1111199,118.912,133.05,133.05,0.16494,a,,
Cs2InGaI6,mp-1113095,-1.17461,18.8489,18.8489,0.84208,a,,
K2TlAgF6,mp-1112272,115.622,30.7827,30.7827,0.1753,a,,
K2EuAuCl6,mp-1112428,80.5051,90.6273,90.6273,0.33259,a,,
Cs2TlSbI6,mp-1112105,57.3692,23.4193,23.4193,0.50124,a,,
K2AsAuBr6,mp-1112435,43.8774,71.5261,71.5261,0.61015,a,,
Rb2NdAgCl6,mp-1110806,40.9718,34.8052,34.8052,0.63219,a,,
K2CuBiI6,mp-1110946,82.9292,97.5477,97.5477,0.31812,a,,
Na2CrHgF6,mp-1111186,290.456,274.047,274.047,0.01554,a,,
Cs2AgIrF6,mp-1113622,105.754,65.8743,65.8743,0.20774,a,,
K2CuSbF6,mp-1110839,210.384,163.227,163.227,0.04219,a,,
K2CrAgF6,mp-1112287,83.7333,9.82098,9.82098,0.3135,a,,
Na2CrAgF6,mp-1111094,207.713,139.832,139.832,0.04352,a,,
Cs2ScTlCl6,mp-1112000,59.0056,4.45497,4.45497,0.48774,a,,
K2NdCuCl6,mp-1112227,101.687,94.6617,94.6617,0.2238,a,,
Li2NiAgF6,mp-1111146,210.272,318.591,318.591,0.04219,a,,
Rb2GaAuBr6,mp-1111718,145.103,141.402,141.402,0.10722,a,,
K2CuMoCl6,mp-1112380,126.78,79.2576,79.2576,0.14403,a,,
Rb2ScAgCl6,mp-1110795,4.55386,-30.4372,0,0.82413,a,,
K2TlGaF6,mp-1111372,134.819,36.1658,36.1658,0.12667,a,,
Na2AgSbCl6,mp-1111538,54.4624,141.185,141.185,0.52441,a,,
Rb2PrCuBr6,mp-1110720,82.3157,75.6626,75.6626,0.32196,a,,
Na2AlAuF6,mp-1111088,268.1,280.685,280.685,0.01993,a,,
Na2VAuF6,mp-1111085,325.494,401.087,401.087,0.01132,a,,
Rb2ScAgI6,mp-1111799,77.4344,19.9059,19.9059,0.35264,a,,
Cs2HgBiI6,mp-1113303,64.6928,36.1101,36.1101,0.44316,a,,
Cs2CuAsCl6,mp-1112612,6.63014,51.6977,51.6977,0.81686,a,,
Cs2TaAuF6,mp-1113212,178.94,45.8897,45.8897,0.06489,a,,
Na2PdAuF6,mp-1111301,219.029,257.654,257.654,0.03767,a,,
Na2TlCuF6,mp-1111265,200.985,164.022,164.022,0.04767,a,,
Li2VPO6,mp-616566,113.155,13.6927,13.6927,0.18295,a,,
K2AgAuBr6,mp-1112101,71.5969,48.2511,48.2511,0.39196,a,,
K2InAsI6,mp-1112020,96.0701,100.43,100.43,0.24836,a,,
Rb2GaAgI6,mp-1111802,82.9775,95.8137,95.8137,0.31787,a,,
K2TlAsBr6,mp-1111589,45.0604,52.0026,52.0026,0.60128,a,,
K2GaAgI6,mp-1112466,140.426,153.588,153.588,0.1156,a,,
K2TaAgI6,mp-1110948,170.606,200.485,200.485,0.07286,a,,
Cs2TaAgI6,mp-1112935,165.762,151.011,151.011,0.07826,a,,
Rb2AsAuF6,mp-1110595,189.099,220.355,220.355,0.05627,a,,
K2HgBiF6,mp-1112367,103.16,197.799,197.799,0.21788,a,,
Cs2GaAgBr6,mp-1113553,111.668,84.2761,84.2761,0.18771,a,,
K2InGaI6,mp-1112021,85.7301,103.282,103.282,0.30217,a,,
Rb2HgBiF6,mp-1112409,117.687,124.844,124.844,0.16879,a,,
K2HgBiBr6,mp-1112205,56.9649,85.8755,85.8755,0.5045,a,,
K2AgAuF6,mp-1112289,48.7657,72.2108,72.2108,0.5714,a,,
K2SbPO6,mp-560240,210.479,-30.4643,0,0.0421,a,,
K2YHgI6,mp-1112022,106.071,144.511,144.511,0.20643,a,,
K2InAgF6,mp-1112283,332.279,36.7844,36.7844,0.01061,a,,
Cs2ErAgCl6,mp-1113595,33.0795,-9.4571,0,0.68742,a,,
Rb2NiAgF6,mp-1110604,51.7276,35.7864,35.7864,0.54794,a,,
Cs2InGaCl6,mp-1113201,-10.5257,40.5637,40.5637,0.86651,a,,
Cs2TlBiBr6,mp-1112498,53.9174,6.91388,6.91388,0.52879,a,,
K2VAgF6,mp-1112271,115.491,76.746,76.746,0.17566,a,,
Cs2TlHgF6,mp-1113141,-7.0177,34.1484,34.1484,0.85824,a,,
K2AlAuF6,mp-1112269,222.102,162.098,162.098,0.03614,a,,
Cs2InHgBr6,mp-1113300,-12.6707,2.65662,2.65662,0.87148,a,,
K2IrAuF6,mp-1112262,234.24,269.056,269.056,0.0309,a,,
K2AgAsCl6,mp-1112480,-49.2938,13.7374,13.7374,0.92814,a,,
Rb2NdCuI6,mp-1110764,67.6867,95.016,95.016,0.4203,a,,
Cs2InGaF6,mp-1113099,-2.14164,84.6655,84.6655,0.84485,a,,
Rb2SbAuCl6,mp-1111715,108.943,72.394,72.394,0.1966,a,,
K2NdCuI6,mp-1110945,80.814,120.376,120.376,0.33059,a,,
K2TlRuF6,mp-1111417,17.3072,39.4297,39.4297,0.77386,a,,
Rb2HgPdF6,mp-1113777,55.5662,47.2392,47.2392,0.51538,a,,
Na2TlCrF6,mp-1110619,226.181,198.305,198.305,0.03412,a,,
K2InAuF6,mp-1111944,382.249,192.589,192.589,0.00683,a,,
K2TbCuCl6,mp-1111991,105.176,67.9745,67.9745,0.20984,a,,
K2AgAsBr6,mp-1112001,44.7981,25.8488,25.8488,0.60342,a,,
K2PrCuI6,mp-1110944,129.54,125.6,125.6,0.13788,a,,
Rb2TlHgCl6,mp-1114077,24.2003,37.6026,37.6026,0.73876,a,,
K2ScInI6,mp-1112016,64.1213,46.756,46.756,0.44757,a,,
K2VPO6,mp-558956,106.891,-25.6661,0,0.20325,a,,
Rb2AlTlF6,mp-1113654,61.3584,-3.85532,0,0.46867,a,,
Rb2TlAsBr6,mp-1114116,-28.4261,10.4912,10.4912,0.90112,a,,
Rb2CuMoI6,mp-1110722,108.609,157.312,157.312,0.19748,a,,
K2CuMoBr6,mp-1110870,122.247,103.766,103.766,0.15587,a,,
K2TaCuBr6,mp-1112217,205.257,246.11,246.11,0.045,a,,
Cs2ErAuCl6,mp-1112928,155.689,98.0007,98.0007,0.09109,a,,
Cs2TlGaF6,mp-989558,70.0675,-25.0248,0,0.40261,a,,
Rb2TlInBr6,mp-1114115,103.868,38.9257,38.9257,0.21521,a,,
Rb2InAgCl6,mp-1111634,32.3898,-54.304,0,0.69161,a,,
K2InSbF6,mp-1112181,95.4928,180.902,180.902,0.25133,a,,
Na2InCuCl6,mp-1111118,119.113,125.348,125.348,0.16447,a,,
Cs2AsAuF6,mp-1113149,205.819,222.96,222.96,0.04466,a,,
Cs2AlInCl6,mp-1113280,36.1909,46.3918,46.3918,0.66695,a,,
Rb2AsAuI6,mp-1111796,37.9954,51.861,51.861,0.65419,a,,
Cs2InCuF6,mp-1113106,75.7705,63.2777,63.2777,0.36361,a,,
Cs2CeCuCl6,mp-1113363,49.1177,74.2371,74.2371,0.5688,a,,
Rb2AsAuCl6,mp-1111626,75.0715,63.3848,63.3848,0.36811,a,,
K2AgSbBr6,mp-1110912,61.7381,13.6422,13.6422,0.46567,a,,
K2ScAuBr6,mp-1111993,116.926,78.5019,78.5019,0.17125,a,,
K2TlSbF6,mp-1111125,199.403,123.964,123.964,0.04866,a,,
K2CeCuCl6,mp-1112237,44.1897,85.1564,85.1564,0.60773,a,,
Rb2DyCuCl6,mp-1113403,47.8171,42.3848,42.3848,0.57938,a,,
Cs2AgAuBr6,mp-1113575,14.7777,24.7431,24.7431,0.78473,a,,
Na2HgAuF6,mp-1111190,171.98,268.41,268.41,0.07151,a,,
Rb2TlSbI6,mp-1114167,51.2651,50.4245,50.4245,0.55177,a,,
Rb2AgSbI6,mp-1110817,87.9589,44.6159,44.6159,0.28965,a,,
Na2TaAgF6,mp-1111551,439.812,483.597,483.597,0.00446,a,,
Rb2AgBiCl6,mp-1110810,-19.2284,-49.4313,0,0.88508,a,,
K2AgPdF6,mp-1112279,-3.90954,8.84108,8.84108,0.84992,a,,
Rb2GaAgF6,mp-1110609,96.1561,-37.7467,0,0.248,a,,
K2SmCuCl6,mp-1112218,97.5926,82.9168,82.9168,0.24145,a,,
Cs2CrHgF6,mp-1112592,67.865,118.881,118.881,0.41879,a,,
Na2AlHgF6,mp-1111253,269.911,271.686,271.686,0.01957,a,,
Li2CuSbCl6,mp-1111120,82.5305,288.516,288.516,0.32057,a,,
Cs2CuBiCl6,mp-1111471,42.6176,24.1761,24.1761,0.62017,a,,
Cs2YAuI6,mp-1112916,78.3846,77.7878,77.7878,0.34638,a,,
Na2SmCuCl6,mp-1111488,105.764,163.844,163.844,0.20773,a,,
Li2CuAsF6,mp-1111360,278.32,405.407,405.407,0.01776,a,,
Cs2HgAsF6,mp-1112603,70.7187,78.9126,78.9126,0.39803,a,,
Cs2PrAgI6,mp-1112942,4.14598,6.61545,6.61545,0.82535,a,,
K2TlBiF6,mp-1111569,118.67,106.416,106.416,0.16562,a,,
K2FeAgF6,mp-1112286,91.3685,13.04,13.04,0.27151,a,,
Cs2YAuBr6,mp-1112918,117.176,95.6177,95.6177,0.17056,a,,
Na2TlHgF6,mp-1111023,64.6724,206.287,206.287,0.44337,a,,
Cs2TbCuCl6,mp-1113207,36.0672,29.8596,29.8596,0.66803,a,,
K2DyCuCl6,mp-1111994,80.7492,61.7295,61.7295,0.33105,a,,
Rb2AgSbBr6,mp-1110804,63.9768,20.6137,20.6137,0.44876,a,,
K2InBiF6,mp-1112359,89.4787,153.756,153.756,0.28128,a,,
K2CrAuF6,mp-1111943,190.01,159.559,159.559,0.05545,a,,
Na2YCuF6,mp-1110996,241.899,290.169,290.169,0.02793,a,,
Rb2EuAgCl6,mp-1111732,-23.6646,-16.6042,0,0.89325,a,,
Cs2CuMoBr6,mp-1112273,142.081,99.3155,99.3155,0.11271,a,,
K2TlAgBr6,mp-1112445,18.5093,44.3341,44.3341,0.7684,a,,
K2InCuBr6,mp-1112160,110.286,64.1874,64.1874,0.19219,a,,
Cs2AgMoCl6,mp-1113232,97.5464,43.4381,43.4381,0.24164,a,,
K2EuCuCl6,mp-1111984,46.2553,10.6855,10.6855,0.5917,a,,
Na2GaCuF6,mp-1111277,188.084,151.399,151.399,0.05696,a,,
K2SbAuBr6,mp-1112418,109.267,64.8113,64.8113,0.1955,a,,
Rb2IrAuF6,mp-1110589,207.666,252.662,252.662,0.04357,a,,
K2TaHgF6,mp-1112194,360.52,267.398,267.398,0.00821,a,,
Na2HgAsF6,mp-1111208,235.695,289.828,289.828,0.03031,a,,
Rb2NbAuF6,mp-1111465,374.757,299.455,299.455,0.00724,a,,
Na2TlCuBr6,mp-1110993,136.427,162.246,162.246,0.12349,a,,
Cs2ScAuCl6,mp-1113213,103.981,106.712,106.712,0.21471,a,,
Na2HgAsBr6,mp-1111742,137.662,192.543,192.543,0.12104,a,,
Rb2PrAgF6,mp-1110788,115.87,76.9865,76.9865,0.17472,a,,
Rb2ScTlI6,mp-1114163,60.7603,13.3027,13.3027,0.47354,a,,
Rb2TlGaCl6,mp-1114004,111.56,75.3295,75.3295,0.18801,a,,
Na2AgMoF6,mp-1111323,167.285,148.651,148.651,0.07638,a,,
Rb2DyAgCl6,mp-1111733,51.6808,6.89345,6.89345,0.54829,a,,
K2CeAuCl6,mp-1111996,150.498,162.944,162.944,0.09886,a,,
Rb2TlAgCl6,mp-1111629,-54.2027,-6.81004,0,0.93297,a,,
Rb2TlAuBr6,mp-1111713,72.1495,49.8715,49.8715,0.38787,a,,
K2TlFeF6,mp-1111373,110.182,41.7744,41.7744,0.19253,a,,
Rb2InAuBr6,mp-1111717,128.606,91.8881,91.8881,0.13996,a,,
Na2RuAuF6,mp-1111087,241.904,305.926,305.926,0.02792,a,,
Na2AlAgF6,mp-1111337,165.148,128.424,128.424,0.07912,a,,
K2TmAuCl6,mp-1112061,218.193,129.436,129.436,0.03801,a,,
Rb2CrHgF6,mp-1112407,127.943,194.566,194.566,0.14149,a,,
Cs2TlCuBr6,mp-1113558,-4.05707,14.2662,14.2662,0.85035,a,,
K2HgSbI6,mp-1112197,127.563,69.6414,69.6414,0.14234,a,,
Na2GaHgBr6,mp-1111064,200.716,243.223,243.223,0.04787,a,,
Cs2AgAsF6,mp-1114305,43.3287,54.6178,54.6178,0.61461,a,,
Cs2AgBiBr6,mp-1078250,43.713,0.94906,0.94906,0.6115,a,,
Rb2TlInI6,mp-1114166,104.53,76.0546,76.0546,0.21235,a,,
Rb2HgAsI6,mp-1113545,86.1581,39.0908,39.0908,0.29979,a,,
Rb2TbAuCl6,mp-1113641,155.897,114.766,114.766,0.09079,a,,
Cs2TaTlF6,mp-1112483,31.4236,113.128,113.128,0.69765,a,,
Cs2YTlBr6,mp-1112106,30.6039,6.8947,6.8947,0.70257,a,,
Rb2HgAuBr6,mp-1113546,64.897,61.4872,61.4872,0.44167,a,,
Rb2AlAgCl6,mp-1111472,124.246,52.5104,52.5104,0.15038,a,,
Na2YCuBr6,mp-1111744,102.512,179.03,179.03,0.2205,a,,
Cs2YCuI6,mp-1112877,135.95,66.8035,66.8035,0.12456,a,,
Rb2VAgF6,mp-1110597,100.169,59.8935,59.8935,0.23062,a,,
K2GaAuCl6,mp-1112427,191.751,166.132,166.132,0.05394,a,,
Li2InCuCl6,mp-1111123,80.6705,236.803,236.803,0.33154,a,,
K2InAsF6,mp-1112186,167.121,222.555,222.555,0.07652,a,,
Rb2InAgBr6,mp-1111729,82.4423,30.5179,30.5179,0.32114,a,,
K2AgRuF6,mp-1112276,55.4577,42.144,42.144,0.51629,a,,
Cs2TlRuF6,mp-1112339,-94.8316,-18.6441,0,0.95958,a,,
Cs2AlCuCl6,mp-1113187,150.405,129.548,129.548,0.09902,a,,
K2TaAgCl6,mp-1112083,165.796,225.548,225.548,0.07824,a,,
Cs2HgBiF6,mp-1113179,62.5725,70.4204,70.4204,0.45907,a,,
Cs2CeCuI6,mp-1113362,54.3391,53.8133,53.8133,0.52561,a,,
Cs2TaCuI6,mp-1112879,126.174,202.867,202.867,0.14561,a,,
Cs2InAgF6,mp-1113588,53.3273,-37.781,0,0.53386,a,,
K2NdCuBr6,mp-1110908,115.803,97.4764,97.4764,0.17484,a,,
K2CrHgF6,mp-1111938,204.616,136.38,136.38,0.04536,a,,
K2HgAsCl6,mp-1112212,41.7702,93.8067,93.8067,0.62625,a,,
Cs2CuSbI6,mp-1112882,101.266,59.637,59.637,0.22546,a,,
Na2CrAuF6,mp-1111086,304.832,286.643,286.643,0.01344,a,,
Rb2MnAuF6,mp-1110588,123.369,166.734,166.734,0.15287,a,,
K2AlHgBr6,mp-1112211,158.108,154.352,154.352,0.08785,a,,
Rb2SbAuF6,mp-1111402,297.984,251.335,251.335,0.01451,a,,
K2MnAuF6,mp-1112261,107.521,169.8,169.8,0.20127,a,,
K2NdAuCl6,mp-1112422,161.236,171.189,171.189,0.08369,a,,
K2AlInI6,mp-1112023,92.4588,113.789,113.789,0.26603,a,,
K2ErCuCl6,mp-1112164,59.9811,57.3327,57.3327,0.47975,a,,
Rb2AgAsF6,mp-1110613,73.4694,46.4777,46.4777,0.37877,a,,
K2TiAuF6,mp-1111957,328.017,373.134,373.134,0.01111,a,,
Na2HgMoF6,mp-1111063,224.542,329.392,329.392,0.03495,a,,
Rb2HgAsF6,mp-1112408,58.1094,94.7772,94.7772,0.4951,a,,
K2YAuBr6,mp-1112058,87.6228,120.231,120.231,0.29157,a,,
Rb2ErCuCl6,mp-1113288,50.3877,37.9844,37.9844,0.55873,a,,
K2TlInF6,mp-1111423,65.7326,57.6658,57.6658,0.43518,a,,
Cs2CuAuCl6,mp-1113490,83.0119,58.1145,58.1145,0.31766,a,,
Na2InHgF6,mp-1111168,323.064,281.175,281.175,0.01156,a,,
Cs2GaHgBr6,mp-1113302,139.749,97.6161,97.6161,0.11689,a,,
Na2MoAuF6,mp-1111302,262.608,344.55,344.55,0.02128,a,,
Na2TbCuCl6,mp-1111485,202.089,157.109,157.109,0.047,a,,
Rb2AgIrF6,mp-1110607,111.246,64.1436,64.1436,0.18912,a,,
Cs2YHgF6,mp-1112607,252.857,91.4839,91.4839,0.02418,a,,
Rb2TaCuBr6,mp-1113344,192.11,219.19,219.19,0.05362,a,,
K2TaAuF6,mp-1112417,462.478,340.787,340.787,0.00382,a,,
Rb2InSbI6,mp-1114191,35.5061,65.7824,65.7824,0.67164,a,,
Cs2ScAgI6,mp-1112938,26.3181,-5.06213,0,0.72762,a,,
Na2PrWO6,mp-1516196,-46.4893,93.5395,93.5395,0.9251,a,,
Na2AgIrF6,mp-1111325,153.426,98.4343,98.4343,0.09451,a,,
Rb2AlInI6,mp-1114138,76.2691,77.4534,77.4534,0.36027,a,,
K2TlAsCl6,mp-1111588,64.3912,56.6438,56.6438,0.44555,a,,
Rb2TiTlF6,mp-1113853,-13.1333,73.9271,73.9271,0.87243,a,,
Rb2AgAuBr6,mp-1111734,52.7034,32.1287,32.1287,0.53923,a,,
Rb2SbAuI6,mp-1111790,95.4509,68.3156,68.3156,0.25155,a,,
Cs2TlVF6,mp-557533,73.9053,-64.1621,0,0.37591,a,,
Li2CrWO6,mp-754450,110.848,70.045,70.045,0.19038,a,,
K2TlHgBr6,mp-1112026,50.5066,72.3795,72.3795,0.55776,a,,
K2TlVF6,mp-1111367,147.724,103.333,103.333,0.10308,a,,
Rb2GaHgF6,mp-1113779,111.939,73.6033,73.6033,0.18684,a,,
Cs2InGaBr6,mp-1112627,24.8425,32.4242,32.4242,0.73527,a,,
Li2AlAgF6,mp-1111366,232.173,308.727,308.727,0.03165,a,,
K2InAsCl6,mp-1112187,98.2503,138.045,138.045,0.23885,a,,
Rb2InAgF6,mp-1110608,118.922,-21.2495,0,0.16489,a,,
Rb2MnTlF6,mp-1113634,-16.7651,47.4002,47.4002,0.88025,a,,
Na2CuAuCl6,mp-1111511,168.233,131.528,131.528,0.07529,a,,
Na2CuAsF6,mp-1111289,197.345,207.711,207.711,0.05011,a,,
Cs2AlInBr6,mp-1113281,39.537,51.4216,51.4216,0.64294,a,,
Cs2NdCuI6,mp-1112884,54.8018,49.0702,49.0702,0.52183,a,,
Cs2TlHgI6,mp-1113282,-5.77913,61.6708,61.6708,0.85502,a,,
K2AgRhF6,mp-1111950,7.28557,-9.5921,0,0.8148,a,,
K2AsAuF6,mp-1112267,215.256,252.948,252.948,0.03952,a,,
Na2GaAgF6,mp-1111329,320.7,125.293,125.293,0.01174,a,,
Rb2AlAuBr6,mp-1111722,215.51,153.437,153.437,0.03932,a,,
Na2AlHgBr6,mp-1111743,238.581,258.602,258.602,0.0292,a,,
K2ScHgCl6,mp-1111990,87.072,141.867,141.867,0.29474,a,,
Rb2GaAuI6,mp-1111793,82.0593,104.404,104.404,0.32335,a,,
Na2VPO6,mp-559869,43.283,-11.6898,0,0.61494,a,,
K2PrAgCl6,mp-1110913,74.3164,78.3017,78.3017,0.37318,a,,
Rb2SmAgCl6,mp-1111725,78.9214,22.783,22.783,0.34261,a,,
Na2CuSbF6,mp-1111272,262.711,288.195,288.195,0.02126,a,,
Na2ErCuCl6,mp-1111508,140.73,154.562,154.562,0.11505,a,,
Cs2CuBiI6,mp-1113070,41.1867,61.9039,61.9039,0.63068,a,,
K2HgAsF6,mp-1112207,80.2756,135.669,135.669,0.33409,a,,
K2PrAgBr6,mp-1110914,91.4872,83.7755,83.7755,0.27099,a,,
Rb2TlHgBr6,mp-1114086,17.8809,27.8169,27.8169,0.77128,a,,
K2InAgBr6,mp-1112464,104.242,53.4641,53.4641,0.21366,a,,
Cs2TlPdF6,mp-1112343,13.0611,34.5031,34.5031,0.79202,a,,
Rb2AlHgBr6,mp-1113563,128.317,124.767,124.767,0.14059,a,,
K2AgSbI6,mp-1110949,145.43,65.4707,65.4707,0.10667,a,,
Rb2CeAgF6,mp-1111844,89.2501,58.8264,58.8264,0.28261,a,,
Cs2TlAgF6,mp-1113150,-53.2298,-29.7422,0,0.932,a,,
Cs2TlCoF6,mp-1112565,40.3929,51.1229,51.1229,0.63685,a,,
Rb2HgAuF6,mp-1113476,74.7986,100.698,100.698,0.37002,a,,
Li2CrPO6,mp-778669,-100.586,91.7853,91.7853,0.96191,a,,
K2AgMoI6,mp-1110951,81.6743,103.811,103.811,0.32566,a,,
Rb2TlSbBr6,mp-1114113,61.706,40.3063,40.3063,0.46592,a,,
Na2AlHgCl6,mp-1111667,281.184,265.253,265.253,0.01723,a,,
Rb2TlCuF6,mp-1113791,63.0119,19.1201,19.1201,0.45589,a,,
Cs2TlInBr6,mp-996944,22.5356,-32.2809,0,0.74781,a,,
Na2AgPdF6,mp-1111321,57.7145,135.771,135.771,0.49802,a,,
Rb2TlVF6,mp-1113849,72.5241,8.41617,8.41617,0.38514,a,,
Cs2CuSbCl6,mp-1111461,84.6037,36.2119,36.2119,0.30848,a,,
Cs2GaHgF6,mp-1113098,137.457,90.3471,90.3471,0.12149,a,,
K2LaAuCl6,mp-1112425,171.749,178.901,178.901,0.07177,a,,
Cs2AlTlBr6,mp-1112506,129.249,56.0144,56.0144,0.13847,a,,
Na2NbBiO6,mp-1522192,77.0399,121.668,121.668,0.35521,a,,
K2TlHgI6,mp-1112024,65.4941,107.316,107.316,0.43686,a,,
Cs2TlSbF6,mp-1112551,138.815,46.4353,46.4353,0.11889,a,,
Rb2HgAsBr6,mp-1113564,1.96882,29.3399,29.3399,0.83238,a,,
K2CuSbBr6,mp-1110906,59.6943,23.9497,23.9497,0.48205,a,,
Cs2GaAgCl6,mp-1113623,61.7019,68.1971,68.1971,0.46592,a,,
K2InGaBr6,mp-1112184,49.3808,87.5253,87.5253,0.56677,a,,
Cs2EuCuCl6,mp-1113208,13.1583,-21.5207,0,0.79156,a,,
Rb2TlCuCl6,mp-1111482,-30.5145,23.7368,23.7368,0.90421,a,,
Rb2SbAuBr6,mp-1111716,142.433,77.3452,77.3452,0.11204,a,,
Na2EuCuCl6,mp-1111507,121.167,146.616,146.616,0.15881,a,,
Rb2TiHgF6,mp-1113935,89.0845,34.1767,34.1767,0.28352,a,,
K2TlGaBr6,mp-1111137,184.743,128.492,128.492,0.05984,a,,
Rb2AgAuF6,mp-1110612,8.22346,54.7965,54.7965,0.81145,a,,
K2TlAuBr6,mp-1111585,83.8493,78.6501,78.6501,0.31284,a,,
K2InAgCl6,mp-1110874,90.3608,6.1892,6.1892,0.27668,a,,
Cs2AgAuF6,mp-1113576,41.3407,46.2206,46.2206,0.62951,a,,
K2AgSbCl6,mp-1110873,55.803,26.0735,26.0735,0.51353,a,,
Rb2HgMoF6,mp-1112226,86.3638,120.988,120.988,0.29861,a,,
Na2EuC(OF)3,mp-556836,142.364,-24.5175,0,0.11227,a,,
Cs2HgBiBr6,mp-1112905,37.807,41.1969,41.1969,0.65551,a,,
Cs2GdAuCl6,mp-1112633,93.141,98.1472,98.1472,0.26281,a,,
K2MnHgF6,mp-1111955,108.747,37.6291,37.6291,0.19711,a,,
Rb2AgRuF6,mp-1110601,61.521,26.3257,26.3257,0.46738,a,,
,,,,,,b,0,172
,,,,,,b,20,212
,,,,,,b,35,243
,,,,,,b,50,285
,,,,,,b,100,440
