panel,legacy_steric_pass,tau_lo,tau_hi,n,stage_fail
a,True,3,3.1,0,
a,True,3.1,3.2,0,
a,True,3.2,3.3,0,
a,True,3.3,3.4,4,
a,True,3.4,3.5,7,
a,True,3.5,3.6,15,
a,True,3.6,3.7,52,
a,True,3.7,3.8,67,
a,True,3.8,3.9,109,
a,True,3.9,4,123,
a,True,4,4.1,137,
a,True,4.1,4.2,178,
a,True,4.2,4.3,254,
a,True,4.3,4.4,252,
a,True,4.4,4.5,292,
a,True,4.5,4.6,272,
a,True,4.6,4.7,303,
a,True,4.7,4.8,271,
a,True,4.8,4.9,235,
a,True,4.9,5,156,
a,True,5,5.1,101,
a,True,5.1,5.2,86,
a,True,5.2,5.3,58,
a,True,5.3,5.4,34,
a,True,5.4,5.5,14,
a,True,5.5,5.6,16,
a,True,5.6,5.7,3,
a,True,5.7,5.8,12,
a,True,5.8,5.9,15,
a,True,5.9,6,6,
a,True,6,6.1,7,
a,True,6.1,6.2,2,
a,True,6.2,6.3,1,
a,True,6.3,6.4,1,
a,True,6.4,6.5,0,
a,True,6.5,6.6,0,
a,True,6.6,6.7,0,
a,True,6.7,6.8,0,
a,True,6.8,6.9,0,
a,True,6.9,7,0,
a,True,7,7.1,0,
a,True,7.1,7.2,1,
a,True,7.2,7.3,0,
a,True,7.3,7.4,0,
a,True,7.4,7.5,0,
a,True,7.5,7.6,0,
a,True,7.6,7.7,0,
a,True,7.7,7.8,0,
a,True,7.8,7.9,0,
a,True,7.9,8,0,
a,False,3,3.1,0,
a,False,3.1,3.2,0,
a,False,3.2,3.3,1,
a,False,3.3,3.4,6,
a,False,3.4,3.5,20,
a,False,3.5,3.6,34,
a,False,3.6,3.7,19,
a,False,3.7,3.8,58,
a,False,3.8,3.9,82,
a,False,3.9,4,109,
a,False,4,4.1,137,
a,False,4.1,4.2,195,
a,False,4.2,4.3,203,
a,False,4.3,4.4,133,
a,False,4.4,4.5,122,
a,False,4.5,4.6,150,
a,False,4.6,4.7,93,
a,False,4.7,4.8,55,
a,False,4.8,4.9,38,
a,False,4.9,5,40,
a,False,5,5.1,29,
a,False,5.1,5.2,22,
a,False,5.2,5.3,29,
a,False,5.3,5.4,48,
a,False,5.4,5.5,27,
a,False,5.5,5.6,41,
a,False,5.6,5.7,51,
a,False,5.7,5.8,62,
a,False,5.8,5.9,63,
a,False,5.9,6,61,
a,False,6,6.1,51,
a,False,6.1,6.2,52,
a,False,6.2,6.3,52,
a,False,6.3,6.4,31,
a,False,6.4,6.5,31,
a,False,6.5,6.6,29,
a,False,6.6,6.7,26,
a,False,6.7,6.8,21,
a,False,6.8,6.9,22,
a,False,6.9,7,17,
a,False,7,7.1,17,
a,False,7.1,7.2,15,
a,False,7.2,7.3,12,
a,False,7.3,7.4,10,
a,False,7.4,7.5,12,
a,False,7.5,7.6,10,
a,False,7.6,7.7,3,
a,False,7.7,7.8,4,
a,False,7.8,7.9,8,
a,False,7.9,8,195,
b,,,,645,pass
b,,,,2432,tau_not_perovskite
b,,,,200,no_oxidation_state_assignment
b,,,,3,predicted_metal
