formula,status,gap_pred_eV,p_semi,lcoe_median__f0.61_low_L35_d0.007,p_lcoe_le_csi__f0.61_low_L35_d0.007,p_lcoe_le_csi__f0.82_low_L35_d0.007
K2SbAgCl6,known_mp,1.47922,0.94794,65.0639,0.158,0.774
K2AgInCl6,known_mp,1.25058,0.69568,80.968,0.115,0.527
K2GeMnCl6,stable_likely,1.31747,0.83998,75.5532,0.116,0.569
K2MnZnCl6,stable_likely,1.45327,0.68359,89.4671,0.107,0.446
K2SnFeS3F3,stable_likely,1.80814,0.81045,89.8984,0.088,0.366
K2AgInF6,known_mp,1.51711,0.74903,83.5466,0.07,0.441
K2MoFeO3F3,stable_likely,1.84138,0.81849,103.36,0.075,0.329
K2FeSbS3F3,stable_likely,1.81276,0.79908,85.752,0.077,0.361
K2NbTaO6,known_mp,1.78961,0.82925,85.243,0.063,0.392
K2CrMnO3F3,stable_likely,1.82409,0.83746,88.3985,0.068,0.37
K2VMnS3F3,stable_likely,1.70112,0.79475,85.3905,0.097,0.415
K2VFeO3F3,stable_likely,1.3467,0.87851,77.2971,0.104,0.539
Na2CrMnO3F3,stable_likely,1.88345,0.87171,88.7703,0.066,0.363
K2WFeO3F3,stable_likely,2.06806,0.83266,115.2,0.059,0.262
K2CrAgCl6,unstable_likely,1.11062,0.62383,90.9777,0.124,0.478
Na2FeSbS3F3,stable_likely,1.8877,0.80034,84.8244,0.067,0.378
K2VMnO3F3,stable_likely,1.97632,0.86074,99.9463,0.058,0.304
K2MnSbS3F3,stable_likely,2.03861,0.77225,103.73,0.052,0.287
K2MnBiO3F3,stable_likely,1.8318,0.6324,154.872,0.058,0.261
Na2VMnO3F3,stable_likely,2.00938,0.88662,90.0321,0.049,0.322
K2BiAgF3Cl3,stable_likely,1.89482,0.90461,83.8858,0.052,0.39
Na2NbMnS3F3,stable_likely,2.12571,0.78789,113.547,0.062,0.264
Na2TiMoO6,stable_likely,2.30231,0.88052,119.016,0.049,0.222
Na2MnBiS3F3,stable_likely,1.91433,0.67048,136.634,0.05,0.264
K2MnBiS3Cl3,unstable_likely,1.27823,0.7111,83.639,0.123,0.497
Na2ZrWO6,known_mp,2.30947,0.90128,111.495,0.036,0.215
K2MnBiS3F3,stable_likely,1.60236,0.64218,157.907,0.065,0.289
K2AgGaF6,known_mp,1.90957,0.73124,106.506,0.035,0.294
Na2MoAgO3F3,stable_likely,2.14902,0.82843,118.576,0.041,0.251
K2SnVS3F3,stable_likely,2.41848,0.90307,130.757,0.041,0.193
K2TaMnSe3F3,stable_likely,2.08684,0.74591,133.141,0.046,0.247
K2FeAgF6,known_mp,1.96913,0.59375,168.93,0.033,0.228
K2AgGaF3Cl3,stable_likely,1.74123,0.68445,114.165,0.051,0.306
Na2MoFeO3F3,stable_likely,2.24312,0.83791,124.906,0.04,0.221
K2WAgS3Br3,unstable_likely,1.47221,0.7621,68.6469,0.165,0.7
K2FeAgCl3Br3,unstable_likely,0.99684,0.72127,81.1866,0.119,0.501
K2FeMnF6,stable_likely,2.15197,0.55614,348.354,0.033,0.184
Na2MnGaO3F3,stable_likely,2.26772,0.88047,121.813,0.032,0.213
K2TiWO6,stable_likely,2.2912,0.84341,113.241,0.031,0.199
Na2MnBiO3Cl3,unstable_likely,1.89195,0.6253,183.674,0.06,0.233
Na2MnBiO3F3,stable_likely,2.04975,0.67179,171.191,0.041,0.216
K2MoAgO3F3,stable_likely,2.2008,0.81668,121.754,0.029,0.241
K2FeSbO3F3,stable_likely,1.95048,0.78401,101.314,0.052,0.305
K2GeFeF3Cl3,stable_likely,2.20731,0.87905,112.177,0.037,0.241
K2WAgO3F3,stable_likely,2.51672,0.86653,187.225,0.031,0.182
K2SnCrS3F3,unstable_likely,2.20634,0.87266,108.856,0.047,0.242
K2SnInO3F3,stable_likely,2.84241,0.92192,267.189,0.028,0.141
K2FeAgCl6,unstable_likely,1.07902,0.64633,93.155,0.094,0.457
K2NbMnS3F3,stable_likely,2.10679,0.76722,117.456,0.039,0.246
Na2WFeO3F3,stable_likely,2.48315,0.85568,180.004,0.027,0.18
K2CrMoO3F3,stable_likely,2.81468,0.8736,346.844,0.027,0.142
K2SnFeO3F3,stable_likely,2.08173,0.79887,104.821,0.041,0.267
K2VFeS3F3,unstable_likely,1.2347,0.8049,85.1185,0.102,0.465
Na2VFeO3F3,unstable_likely,1.85465,0.89873,84.9364,0.074,0.401
Na2CrWO6,unstable_likely,1.16929,0.69191,102.19,0.089,0.39
Na2GeFeF3Cl3,stable_likely,2.24751,0.88262,117.899,0.028,0.225
K2FeCuF3Cl3,unstable_likely,0.97452,0.56336,inf,0.088,0.29
Na2VCuO3F3,unstable_likely,0.88112,0.69708,125.642,0.084,0.367
Na2FeMnF6,stable_likely,2.35776,0.56119,inf,0.023,0.113
Na2GeMnF6,stable_likely,2.36781,0.87757,130.369,0.021,0.21
K2VCuO3F3,unstable_likely,0.82937,0.64926,345.89,0.089,0.337
Na2FeCuF3Cl3,unstable_likely,1.05934,0.52856,inf,0.079,0.327
K2SnInS3F3,stable_likely,2.65291,0.92774,209.974,0.029,0.143
Na2SnInS3F3,stable_likely,2.54226,0.9191,168.591,0.022,0.163
K2NbMnSe3F3,unstable_likely,1.64768,0.76024,96.5911,0.079,0.359
K2FeCuF6,unstable_likely,0.7258,0.56725,inf,0.057,0.255
K2MnInO3Cl3,unstable_likely,1.69102,0.8252,86.7466,0.088,0.397
K2NbFeS3F3,unstable_likely,1.75051,0.75808,101.897,0.074,0.339
K2FeZnF3Cl3,unstable_likely,2.22213,0.66169,169.487,0.039,0.189
K2TiSbS3F3,stable_likely,2.50383,0.87597,161.889,0.024,0.164
K2ZrWO6,stable_likely,2.34474,0.84538,125.902,0.024,0.163
K2TaFeSe3F3,unstable_likely,1.54092,0.77481,85.3419,0.093,0.41
K2GeFeO3F3,unstable_likely,2.09791,0.79556,108.693,0.032,0.24
Na2FeSbO3F3,unstable_likely,2.04718,0.81586,104.228,0.049,0.297
Na2ZrMoO6,stable_likely,2.68257,0.90697,214.991,0.027,0.119
K2CrAgCl3Br3,unstable_likely,1.12853,0.6765,80.1115,0.141,0.528
Na2SnNbS3F3,stable_likely,2.57974,0.90435,166.397,0.026,0.135
Na2NbFeS3F3,unstable_likely,1.95594,0.75589,99.7905,0.054,0.302
K2WBiO3F3,unstable_likely,2.27874,0.78886,156.955,0.044,0.197
Na2SnWO6,stable_likely,2.63627,0.83473,233.241,0.026,0.125
Na2CrMoO3F3,stable_likely,2.742,0.8916,254.283,0.022,0.11
K2SbZnS3F3,stable_likely,2.75795,0.87576,260.098,0.016,0.101
K2CrWO3F3,unstable_likely,2.32853,0.88454,144.162,0.045,0.226
Na2SbZnO3F3,stable_likely,2.92292,0.87458,334.22,0.015,0.068
K2TiMoO6,unstable_likely,2.59673,0.88738,178.936,0.03,0.154
K2MoAgS3Br3,unstable_likely,1.43568,0.82621,68.1885,0.153,0.7
K2ZrSbS3F3,unstable_likely,2.65444,0.91052,187.262,0.028,0.134
K2SnNbS3F3,unstable_likely,2.33627,0.89645,125.631,0.028,0.224
K2WInO3F3,stable_likely,3.05182,0.92072,463.333,0.021,0.113
K2FeAgF3Cl3,unstable_likely,1.64468,0.61144,103.012,0.054,0.36
K2WAgSe3Cl3,unstable_likely,1.51786,0.77525,71.3539,0.108,0.643
Na2MnCuF3Cl3,unstable_likely,0.89003,0.51088,inf,0.08,0.285
K2CrAgF6,known_mp,2.59379,0.57779,986.449,0.012,0.097
Na2GeFeO3F3,unstable_likely,2.27221,0.82695,116.683,0.028,0.222
Na2FeCuF6,unstable_likely,1.03759,0.5711,115.259,0.111,0.409
K2MnCuF3I3,unstable_likely,1.31589,0.58269,100.374,0.1,0.414
Na2TaMnS3F3,unstable_likely,2.1699,0.84537,110.839,0.029,0.228
K2AgInCl3Br3,unstable_likely,1.17485,0.64918,84.7806,0.101,0.476
Na2TiInS3F3,stable_likely,2.81566,0.91531,245.099,0.012,0.084
K2NbFeSe3F3,unstable_likely,1.50195,0.7804,96.3787,0.085,0.393
K2MnSbO3F3,unstable_likely,2.22458,0.73064,141.175,0.041,0.194
Na2FeZnF3Cl3,stable_likely,2.17731,0.64453,189.307,0.02,0.167
Na2SnInO3F3,unstable_likely,2.93532,0.91601,392.587,0.025,0.121
K2TiFeO3F3,unstable_likely,2.06789,0.86234,97.1307,0.049,0.282
Na2WAgO3F3,unstable_likely,2.531,0.87206,174.895,0.023,0.149
Na2CrWO3F3,unstable_likely,2.48738,0.90472,156.176,0.027,0.185
Na2SnTaS3F3,stable_likely,2.6004,0.90635,180.098,0.013,0.141
Na2WBiO3F3,unstable_likely,2.66304,0.81579,255.105,0.026,0.137
Na2NbTaO6,unstable_likely,1.81414,0.8821,83.8492,0.058,0.394
K2ZrCrS3F3,unstable_likely,1.90356,0.81041,101.762,0.067,0.336
K2MnCuF3Cl3,unstable_likely,1.0078,0.50953,inf,0.092,0.33
Na2SnMoO6,stable_likely,2.75911,0.8789,268.551,0.013,0.107
K2GeCuF6,unstable_likely,1.18524,0.70777,80.7078,0.093,0.528
K2NbCuS3F3,unstable_likely,1.11739,0.59794,inf,0.064,0.322
K2SbCuO3Cl3,unstable_likely,1.12036,0.53621,inf,0.084,0.337
K2SnVO3F3,unstable_likely,2.70313,0.90226,240.229,0.026,0.141
Na2MnSbO3F3,unstable_likely,2.21843,0.77833,151.645,0.038,0.21
K2ZrFeSe3F3,unstable_likely,1.54775,0.83193,85.69,0.092,0.434
Na2MoWO6,unstable_likely,1.1994,0.58162,inf,0.065,0.308
Na2SnFeO3F3,unstable_likely,2.28105,0.8265,128.431,0.024,0.196
K2CrWO6,unstable_likely,1.35545,0.57766,142.257,0.085,0.358
K2MoInO3F3,stable_likely,3.16922,0.93092,515.09,0.012,0.072
K2SnSbO3F3,stable_likely,3.15293,0.90622,582.098,0.009,0.055
K2SbAgCl3Br3,unstable_likely,1.47031,0.96314,64.4029,0.177,0.793
K2TiBiS3Cl3,unstable_likely,1.89973,0.84894,84.0702,0.053,0.382
K2MoAgS3Cl3,unstable_likely,1.59805,0.81545,73.0291,0.097,0.587
K2ZrFeS3F3,unstable_likely,1.84266,0.8214,90.9066,0.084,0.365
Na2MnSbO3Cl3,unstable_likely,1.69624,0.7467,90.1519,0.07,0.396
Na2NbZnS3F3,unstable_likely,2.45166,0.81112,162.206,0.024,0.181
K2WAgS3Cl3,unstable_likely,1.4778,0.76767,72.7208,0.118,0.6
K2TaMnS3F3,unstable_likely,2.03635,0.82641,109.904,0.045,0.271
K2FeZnF6,unstable_likely,2.36072,0.67346,166.567,0.013,0.144
K2NbZnS3F3,unstable_likely,2.50473,0.81226,230.417,0.026,0.143
K2SnGaO3F3,unstable_likely,2.91148,0.92933,337.052,0.016,0.111
K2WSbO3F3,unstable_likely,2.61276,0.8606,189.311,0.026,0.156
K2GeInS3F3,stable_likely,2.92136,0.91812,303.612,0.007,0.069
K2FeMnF3I3,unstable_likely,1.45197,0.52315,inf,0.081,0.318
Na2WSbO3F3,unstable_likely,2.86023,0.89385,295.009,0.025,0.117
K2WGaO3F3,unstable_likely,2.9422,0.94129,364.478,0.026,0.111
K2ZrBiS3Br3,unstable_likely,2.2059,0.87986,100.389,0.024,0.206
Na2SnSbO3F3,unstable_likely,2.92264,0.89139,354.471,0.017,0.096
Na2MnZnF6,unstable_likely,2.32707,0.64721,240.796,0.032,0.163
K2SnTaS3F3,unstable_likely,2.53996,0.89898,168.131,0.028,0.167
Na2GeCuF6,unstable_likely,0.87535,0.71464,92.1763,0.072,0.435
K2MnZnF6,unstable_likely,2.34589,0.6318,257.275,0.021,0.155
Na2WInO3F3,unstable_likely,2.90768,0.94056,322.086,0.015,0.094
Na2ZrSbS3F3,stable_likely,3.01266,0.91103,415.995,0.008,0.061
Na2TiFeO3F3,unstable_likely,2.3427,0.86362,117.942,0.043,0.231
K2MoBiO3F3,unstable_likely,2.36722,0.86997,145.395,0.033,0.19
K2MoAgSe3Cl3,unstable_likely,1.59113,0.87664,71.1573,0.093,0.633
K2CrMnO3Cl3,unstable_likely,1.59208,0.80895,79.7669,0.101,0.485
K2AgGaCl3Br3,unstable_likely,1.25214,0.62805,89.4623,0.106,0.44
Na2ZrInS3F3,stable_likely,3.42452,0.92634,1223.57,0.005,0.032
K2GeCuF3Br3,unstable_likely,0.9855,0.70612,88.0115,0.099,0.461
K2MoSbO3F3,unstable_likely,2.59971,0.88647,225.035,0.021,0.137
K2FeCuF3Br3,unstable_likely,1.38263,0.70191,81.533,0.109,0.496
K2FeAgF3I3,unstable_likely,1.32291,0.68571,82.3302,0.094,0.5
K2TiCrO3F3,unstable_likely,1.73393,0.8509,86.7595,0.09,0.416
K2GeMnF3I3,unstable_likely,1.65955,0.83795,82.5117,0.075,0.454
K2SnSbS3F3,unstable_likely,2.17203,0.91503,101.473,0.044,0.251
K2CrAgF3Cl3,unstable_likely,1.82385,0.57741,131.255,0.044,0.284
Na2TaFeS3F3,unstable_likely,2.02752,0.81621,97.5635,0.043,0.266
Na2VZnO3F3,unstable_likely,2.55368,0.87524,174.962,0.033,0.157
K2SnGaS3F3,unstable_likely,2.9398,0.93147,331.17,0.011,0.088
K2NbFeO3F3,unstable_likely,2.05894,0.81458,118.693,0.053,0.251
K2SnBiS3Br3,unstable_likely,1.91004,0.89981,77.734,0.048,0.408
Na2MoInO3F3,unstable_likely,3.08387,0.93403,429.636,0.008,0.068
Na2MoSbO3F3,unstable_likely,2.8225,0.90279,285.259,0.022,0.115
Na2FeZnF6,unstable_likely,2.46469,0.6801,204.045,0.011,0.115
Na2GeZnF3Cl3,stable_likely,3.21347,0.85,684.093,0.004,0.035
K2FeAgF3Br3,unstable_likely,1.36487,0.69255,79.5998,0.123,0.523
K2MoGaO3F3,unstable_likely,3.41269,0.94382,1003.68,0.007,0.063
K2ZrBiSe3Cl3,unstable_likely,2.27692,0.89492,109.029,0.03,0.201
K2MoInS3F3,unstable_likely,2.59387,0.92044,175.641,0.021,0.15
K2GeFeF3I3,unstable_likely,1.51271,0.86914,75.538,0.092,0.548
K2VZnO3F3,unstable_likely,2.5049,0.84679,170.699,0.024,0.157
Na2SnGaO3F3,unstable_likely,3.02042,0.91678,479.441,0.018,0.108
K2TiBiS3F3,unstable_likely,2.22968,0.83265,139.494,0.043,0.219
K2MoBiO3Cl3,unstable_likely,2.12254,0.80426,118.051,0.043,0.256
Na2SnSbS3F3,unstable_likely,2.39245,0.90629,131.257,0.029,0.196
K2WBiS3Cl3,unstable_likely,1.5917,0.78373,74.5414,0.106,0.538
K2TiSbSe3F3,unstable_likely,1.47537,0.86802,81.6066,0.106,0.466
K2GeSbO3F3,unstable_likely,3.14973,0.88855,460.056,0.007,0.045
K2MnBiO3Cl3,unstable_likely,1.68526,0.59292,447.404,0.052,0.234
K2TaFeS3F3,unstable_likely,1.7346,0.8368,92.3581,0.065,0.358
K2SnBiO3F3,stable_likely,3.1728,0.83263,712.213,0.005,0.043
K2ZrMoO6,unstable_likely,2.50685,0.90253,164.155,0.022,0.141
K2SbAgF3I3,unstable_likely,1.31685,0.93052,66.0773,0.155,0.728
K2MoBiS3Cl3,unstable_likely,1.70325,0.85884,75.8592,0.086,0.504
K2ZrInSe3F3,unstable_likely,2.05183,0.94369,93.247,0.075,0.328
K2TiInSe3F3,unstable_likely,1.79281,0.92753,86.2621,0.093,0.399
Na2MnZnF3Cl3,unstable_likely,2.22993,0.6507,206.958,0.029,0.175
K2SnCrO3F3,unstable_likely,2.6018,0.85578,199.094,0.024,0.141
K2TaZnSe3F3,unstable_likely,1.9512,0.74713,119.921,0.042,0.28
K2MnZnF3Cl3,unstable_likely,2.41022,0.6357,283.152,0.028,0.154
K2GeMnF3Cl3,unstable_likely,2.41915,0.86479,137.796,0.022,0.174
K2WInS3F3,unstable_likely,2.37281,0.89443,129.305,0.03,0.208
K2WAgSe3F3,unstable_likely,1.79062,0.77093,89.9547,0.064,0.376
K2MnCuF3Br3,unstable_likely,1.40011,0.59219,109.109,0.079,0.368
K2MoInO3Cl3,unstable_likely,2.502,0.8861,152.404,0.028,0.169
K2TaCuS3F3,unstable_likely,2.13559,0.79509,122.01,0.043,0.236
K2FeSbO3Cl3,unstable_likely,1.75352,0.74092,91.5465,0.077,0.378
Na2TiBiS3F3,unstable_likely,2.64498,0.84219,219.953,0.023,0.137
K2ZrFeO3F3,unstable_likely,2.49369,0.85571,176.015,0.027,0.155
K2SnFeO3Cl3,unstable_likely,1.7484,0.73471,94.4767,0.062,0.359
K2GeVO3F3,unstable_likely,2.76845,0.8877,242.195,0.013,0.114
Na2MoBiO3F3,unstable_likely,2.547,0.88917,175.385,0.021,0.17
K2GeInO3F3,unstable_likely,3.12556,0.91435,497.573,0.006,0.062
K2MoWO6,unstable_likely,1.18703,0.52008,inf,0.055,0.292
K2TiBiSe3F3,unstable_likely,1.55407,0.8183,90.2873,0.092,0.4
K2NbMnO3F3,unstable_likely,2.67487,0.81149,252.66,0.031,0.151
K2GeCrO3F3,unstable_likely,2.4971,0.84028,160.023,0.025,0.156
K2GeBiS3F3,unstable_likely,2.46458,0.80917,155.277,0.031,0.173
K2WFeS3F3,unstable_likely,1.59307,0.82647,86.2121,0.088,0.428
K2WSbO3Cl3,unstable_likely,2.14914,0.8005,119.598,0.039,0.23
K2VMnO3Cl3,unstable_likely,1.71787,0.80523,86.2409,0.072,0.406
Na2GeMnF3Cl3,unstable_likely,2.42861,0.86983,131.049,0.011,0.179
K2MoSbO3Cl3,unstable_likely,2.17772,0.8691,106.147,0.05,0.251
Na2GeZnF6,stable_likely,3.2688,0.87079,768.13,0.003,0.031
Na2WInO3Cl3,unstable_likely,2.29245,0.8578,117.356,0.036,0.235
Na2SnVO3F3,unstable_likely,2.77593,0.91654,241.472,0.022,0.118
Na2MoInO3Cl3,unstable_likely,2.56773,0.88326,163.093,0.018,0.129
K2MoBiS3F3,unstable_likely,2.10615,0.87019,98.5032,0.058,0.271
K2WBiS3F3,unstable_likely,2.15224,0.76185,124.383,0.043,0.224
K2NbZnSe3F3,unstable_likely,1.8783,0.76565,115.125,0.052,0.272
Na2WSbO3Cl3,unstable_likely,1.89989,0.809,95.4988,0.056,0.338
K2GeBiS3Cl3,unstable_likely,2.22176,0.84044,104.031,0.018,0.203
K2SbAgF3Br3,unstable_likely,1.29947,0.92722,67.8732,0.161,0.696
K2SnTaSe3F3,unstable_likely,2.08127,0.87392,104.714,0.061,0.288
K2GeFeF3Br3,unstable_likely,1.67278,0.87645,78.8627,0.096,0.489
Na2GeSbO3F3,unstable_likely,2.92578,0.86949,336.606,0.007,0.066
K2WAgS3F3,unstable_likely,2.17605,0.85417,104.497,0.035,0.249
Na2TiCrO3F3,unstable_likely,1.92705,0.84727,89.5446,0.065,0.33
K2SnNbSe3F3,unstable_likely,1.63241,0.87161,83.8199,0.081,0.422
Na2MoGaO3F3,unstable_likely,3.2155,0.92365,645.379,0.012,0.075
K2TiInO3F3,unstable_likely,3.09692,0.94159,479.923,0.016,0.092
K2WSbS3F3,unstable_likely,2.12639,0.85908,110.147,0.044,0.261
Na2WGaO3F3,unstable_likely,3.04798,0.94084,456.98,0.018,0.091
Na2MoSbS3F3,unstable_likely,2.49429,0.90846,146.534,0.025,0.145
K2MoBiSe3Cl3,unstable_likely,1.66877,0.87344,72.5997,0.107,0.56
Na2SnCrO3F3,unstable_likely,2.51065,0.88556,162.682,0.04,0.173
K2NbCuSe3F3,unstable_likely,1.40056,0.64621,119.71,0.087,0.365
Na2SnSbO3Cl3,unstable_likely,2.07201,0.84662,107.604,0.057,0.269
K2MoAgS3F3,unstable_likely,1.96942,0.828,97.3511,0.036,0.297
K2MnSbO3Cl3,unstable_likely,1.83903,0.74398,102.504,0.049,0.328
K2FeMnF3Cl3,unstable_likely,1.77065,0.59411,147.424,0.068,0.306
K2FeZnF3I3,unstable_likely,1.50421,0.64496,90.6937,0.098,0.433
K2GeMnF3Br3,unstable_likely,1.69785,0.84582,80.3229,0.064,0.443
K2WInO3Cl3,unstable_likely,2.36397,0.85173,138.437,0.03,0.195
K2TaMnO3F3,unstable_likely,2.58858,0.84962,222.455,0.029,0.158
K2SnVO3Cl3,unstable_likely,2.38764,0.88981,144.915,0.046,0.197
K2GeBiO3F3,stable_likely,3.14379,0.82341,673.123,0.003,0.043
Na2MoBiS3F3,unstable_likely,2.33389,0.88062,129.087,0.033,0.197
Na2FeMnF3Cl3,unstable_likely,1.87837,0.53869,inf,0.035,0.202
K2MoFeS3F3,unstable_likely,1.6966,0.8271,86.3999,0.078,0.409
Na2GeCrO3F3,unstable_likely,2.38595,0.87629,130.374,0.027,0.208
K2MoAgO3Cl3,unstable_likely,1.7754,0.76749,89.3752,0.051,0.375
K2MnBiSe3F3,unstable_likely,1.14988,0.64135,109.163,0.102,0.387
K2WBiS3Br3,unstable_likely,1.46389,0.80283,69.0476,0.168,0.682
K2AgInF3I3,unstable_likely,1.13949,0.59664,104.371,0.086,0.405
K2SnWO6,unstable_likely,3.04446,0.78675,550.521,0.011,0.055
K2VSbO6,unstable_likely,2.74137,0.78151,268.574,0.017,0.106
K2WBiO3Cl3,unstable_likely,2.26108,0.73912,148.63,0.024,0.182
K2NbCuO3F3,unstable_likely,1.18212,0.59375,inf,0.08,0.313
K2ZrSbSe3F3,unstable_likely,1.73236,0.89866,83.1254,0.098,0.423
K2ZrBiSe3F3,unstable_likely,1.88223,0.856,90.4184,0.085,0.347
K2ZrBiS3Cl3,unstable_likely,2.41583,0.89573,127.079,0.022,0.173
K2WBiSe3Cl3,unstable_likely,1.56683,0.77172,75.7636,0.095,0.553
K2MnSbSe3F3,unstable_likely,1.16712,0.77367,82.9762,0.118,0.464
Na2WInS3F3,unstable_likely,2.48122,0.89648,154.43,0.021,0.166
K2TaFeO3F3,unstable_likely,2.17452,0.84745,129.567,0.046,0.234
K2TaZnS3F3,unstable_likely,2.40364,0.81847,173.555,0.037,0.192
Na2NbSbO6,unstable_likely,2.44612,0.79967,167.514,0.026,0.159
K2ZrCrO3F3,unstable_likely,2.2017,0.86044,109.545,0.041,0.236
K2FeSbSe3F3,unstable_likely,1.14417,0.79505,86.2662,0.12,0.456
K2WBiSe3F3,unstable_likely,1.60599,0.74955,85.193,0.088,0.439
Na2MoInS3F3,unstable_likely,2.89568,0.91235,267.833,0.008,0.07
Na2GeInO3F3,unstable_likely,2.90483,0.91692,314.671,0.007,0.062
K2TaCuSe3F3,unstable_likely,1.67754,0.7157,101.992,0.069,0.332
K2FeMnF3Br3,unstable_likely,1.56377,0.56033,inf,0.051,0.294
K2VFeO3Cl3,unstable_likely,1.7388,0.81374,91.0782,0.066,0.373
K2TiBiO3F3,unstable_likely,2.65359,0.84933,282.668,0.035,0.162
Na2ZrFeO3F3,unstable_likely,2.66668,0.86067,214.003,0.021,0.125
K2SnBiS3Cl3,unstable_likely,2.27373,0.86732,108.295,0.039,0.204
Na2TaZnS3F3,unstable_likely,2.58456,0.82407,225.975,0.014,0.122
K2ZrGaO3F3,unstable_likely,3.45936,0.96069,1358.76,0.013,0.056
Na2GeBiS3F3,unstable_likely,2.82087,0.80582,357.465,0.01,0.109
Na2GeVO3F3,unstable_likely,2.54198,0.90629,163.399,0.015,0.164
K2SnMoO6,unstable_likely,2.99274,0.86775,403.069,0.007,0.058
K2ZrBiS3F3,unstable_likely,2.6393,0.86715,214.552,0.025,0.141
K2MoSbS3F3,unstable_likely,2.14431,0.90736,103.994,0.048,0.275
K2CrAgF3I3,unstable_likely,1.44702,0.65404,86.5317,0.088,0.453
K2NbCuO3Cl3,unstable_likely,1.15821,0.59542,275.305,0.096,0.347
K2ZrInO3F3,unstable_likely,3.3835,0.95963,974.263,0.01,0.057
Na2TaMnO3F3,unstable_likely,2.74583,0.8851,246.867,0.023,0.119
K2TiGaO3F3,unstable_likely,2.96861,0.9477,309.037,0.015,0.101
Na2NbCuO3F3,unstable_likely,1.30619,0.63456,116.496,0.087,0.371
K2MnZnF3I3,unstable_likely,1.67386,0.56554,150.423,0.066,0.312
K2SnBiS3F3,unstable_likely,2.34528,0.84224,145.302,0.037,0.202
K2GeZnF3Cl3,stable_likely,3.38048,0.84987,1015.39,0.001,0.013
Na2SnBiO3F3,unstable_likely,3.12121,0.82905,613.995,0.01,0.06
K2SnSbO3Cl3,unstable_likely,1.94709,0.85958,96.6928,0.076,0.335
Na2NbMnO3F3,unstable_likely,2.62038,0.83586,219.312,0.036,0.142
K2FeZnF3Br3,unstable_likely,1.66174,0.63735,102.526,0.079,0.359
Na2WSbS3F3,unstable_likely,2.32122,0.87526,125.218,0.036,0.205
Na2NbFeO3F3,unstable_likely,2.49764,0.82589,192.119,0.026,0.147
K2AgGaF3I3,unstable_likely,1.16643,0.60873,106.177,0.08,0.388
Na2SnNbO3F3,unstable_likely,2.93186,0.90224,356.88,0.027,0.098
K2AgInF3Br3,unstable_likely,1.15888,0.61709,118.257,0.079,0.377
K2TiSbO3F3,unstable_likely,2.75149,0.87021,267.938,0.019,0.131
Na2GeGaO3F3,unstable_likely,3.4259,0.91287,1225.97,0.003,0.033
Na2NbMnO3Cl3,unstable_likely,1.83809,0.78228,91.2875,0.068,0.345
K2SnNbO3F3,unstable_likely,3.02523,0.88257,513.349,0.018,0.092
K2CrAgF3Br3,unstable_likely,1.67374,0.64331,100.523,0.07,0.344
K2SnBiSe3Cl3,unstable_likely,2.13819,0.89763,91.0681,0.041,0.255
K2WInSe3F3,unstable_likely,2.05054,0.86029,97.6297,0.045,0.292
K2NbFeO3Cl3,unstable_likely,2.07345,0.78581,102.554,0.065,0.301
K2SnNbO3Cl3,unstable_likely,2.5508,0.8892,149.893,0.028,0.155
K2MnBiO3Br3,unstable_likely,1.30948,0.63868,104.626,0.098,0.399
Na2NbFeO3Cl3,unstable_likely,2.0611,0.78939,99.0123,0.05,0.289
Na2ZrCrO3F3,unstable_likely,2.3317,0.8808,130.629,0.031,0.193
K2MnBiO3I3,unstable_likely,1.41394,0.64298,94.1658,0.086,0.404
K2MoAgSe3F3,unstable_likely,1.81234,0.84787,89.4822,0.059,0.368
Na2TaSbO6,unstable_likely,2.80671,0.83581,332.231,0.015,0.096
Na2TiGaO3F3,unstable_likely,3.08765,0.93422,405.774,0.013,0.09
Na2TiBiO3Cl3,unstable_likely,2.60121,0.80978,232.235,0.022,0.139
K2WSbSe3F3,unstable_likely,1.66265,0.81723,86.8351,0.065,0.401
K2MnZnF3Br3,unstable_likely,1.83198,0.58425,119.526,0.056,0.292
Na2TaFeO3F3,unstable_likely,2.55724,0.8595,208.654,0.03,0.15
K2ZrBiO3F3,unstable_likely,2.89254,0.88317,369.741,0.031,0.133
K2MoBiSe3F3,unstable_likely,1.53827,0.82691,76.9472,0.1,0.505
Na2TiInO3F3,unstable_likely,3.0731,0.93668,412.047,0.009,0.067
K2GeNbO3F3,unstable_likely,3.09764,0.87264,686.834,0.009,0.076
Na2GeBiO3F3,unstable_likely,3.12048,0.8057,726.405,0.002,0.041
Na2TiSbO3F3,unstable_likely,2.72509,0.88171,228.594,0.024,0.133
K2MoSbSe3F3,unstable_likely,1.4739,0.86634,78.972,0.11,0.491
K2GeZnF3Br3,unstable_likely,2.68078,0.86771,208.987,0.013,0.089
K2MoInSe3F3,unstable_likely,1.93886,0.8947,88.2742,0.073,0.356
K2AgGaF3Br3,unstable_likely,1.30079,0.63909,101.987,0.083,0.395
K2SnSbSe3F3,unstable_likely,1.6594,0.91649,76.708,0.107,0.506
K2SnInSe3F3,unstable_likely,1.65252,0.93327,87.0894,0.092,0.398
K2NbMnO3Cl3,unstable_likely,2.11955,0.77617,113.985,0.047,0.256
K2SnBiSe3F3,unstable_likely,1.66329,0.84739,79.6225,0.098,0.472
K2MnSbO3Br3,unstable_likely,1.5234,0.74927,87.1054,0.084,0.419
K2GeBiSe3F3,unstable_likely,1.78662,0.80192,86.2998,0.066,0.398
K2GeGaO3F3,unstable_likely,3.53078,0.92987,2000.06,0.001,0.021
K2SnInO3Cl3,unstable_likely,2.01616,0.88597,96.3356,0.053,0.316
Na2ZrInO3F3,unstable_likely,3.58802,0.95486,1654.61,0.011,0.039
K2WBiO3I3,unstable_likely,2.00824,0.75014,101.769,0.061,0.3
K2ZrSbO3F3,unstable_likely,3.23304,0.9005,873.14,0.015,0.077
K2TiInO3Cl3,unstable_likely,2.49033,0.90379,146.273,0.027,0.167
K2MoInO3Br3,unstable_likely,2.03454,0.86767,93.0971,0.07,0.332
Na2TiBiO3F3,unstable_likely,2.69259,0.86112,332.203,0.034,0.13
K2SbZnO3Cl3,unstable_likely,2.48047,0.79054,183.964,0.022,0.168
K2NbMnO3Br3,unstable_likely,1.97808,0.81497,95.3628,0.051,0.327
K2MoAgO3Br3,unstable_likely,1.90882,0.82046,87.4146,0.043,0.369
K2TiBiO3Cl3,unstable_likely,2.51871,0.81038,222.467,0.024,0.158
K2NbFeO3Br3,unstable_likely,1.971,0.81095,95.856,0.058,0.314
Na2GeNbO3F3,unstable_likely,2.93042,0.89314,343.698,0.01,0.105
Na2SnInO3Cl3,unstable_likely,2.4985,0.87011,182.402,0.027,0.169
K2SnTaO3Cl3,unstable_likely,2.78528,0.89293,258.089,0.015,0.122
K2WInO3Br3,unstable_likely,2.11407,0.82847,101.598,0.042,0.275
K2MoAgO3I3,unstable_likely,1.84607,0.80857,86.7865,0.05,0.36
K2WAgO3Cl3,unstable_likely,2.12665,0.78626,104.879,0.034,0.248
K2SnBiO3Cl3,unstable_likely,2.1995,0.75487,150.605,0.048,0.23
K2TaCuO3F3,unstable_likely,2.31219,0.81442,180.085,0.032,0.182
Na2SnTaO3F3,unstable_likely,3.14672,0.92061,666.366,0.014,0.072
K2MoSbO3Br3,unstable_likely,1.87622,0.85817,85.7463,0.077,0.373
K2TaCuO3Cl3,unstable_likely,2.23634,0.76377,147.139,0.033,0.204
K2MoBiO3I3,unstable_likely,1.83888,0.80004,87.5398,0.079,0.385
K2TiBiO3I3,unstable_likely,2.08453,0.81313,111.89,0.052,0.248
K2GeInO3Cl3,unstable_likely,2.51325,0.88115,172.898,0.021,0.175
Na2TaCuO3F3,unstable_likely,2.47757,0.83615,178.617,0.028,0.177
K2SnTaO3F3,unstable_likely,3.15751,0.88474,943.534,0.012,0.1
K2TaZnO3F3,unstable_likely,2.74786,0.8457,305.332,0.031,0.131
K2ZrBiO3I3,unstable_likely,2.09415,0.84902,101.216,0.048,0.265
K2NbSbO6,unstable_likely,2.99741,0.79321,518.879,0.008,0.051
K2WSbO3Br3,unstable_likely,1.91237,0.79752,101.289,0.059,0.307
K2TiBiO3Br3,unstable_likely,1.95172,0.80385,103.715,0.065,0.274
K2ZrBiO3Cl3,unstable_likely,2.66552,0.85776,251.021,0.017,0.126
Na2ZrSbO3F3,unstable_likely,3.39138,0.91555,1394.41,0.011,0.049
K2WBiO3Br3,unstable_likely,1.86916,0.72865,97.4196,0.064,0.31
K2GeTaO3F3,unstable_likely,2.84331,0.90094,345.771,0.011,0.137
K2TaFeO3Cl3,unstable_likely,2.02404,0.80646,110.219,0.052,0.267
K2MoBiO3Br3,unstable_likely,1.8057,0.80762,86.7231,0.064,0.364
K2TiInO3Br3,unstable_likely,1.98474,0.9004,91.9938,0.059,0.33
Na2GeTaO3F3,unstable_likely,2.95296,0.92312,400.767,0.01,0.079
Na2TaMnO3Cl3,unstable_likely,2.33555,0.82036,131.885,0.033,0.191
K2SnBiO3I3,unstable_likely,1.60875,0.79049,83.0121,0.087,0.449
K2GeBiO3Cl3,unstable_likely,2.55806,0.73587,237.137,0.014,0.125
K2SnInO3Br3,unstable_likely,1.76436,0.9012,83.1601,0.086,0.419
Na2ZrBiO3F3,unstable_likely,3.13857,0.89567,605.406,0.013,0.096
K2SnNbO3Br3,unstable_likely,2.15372,0.88213,98.4149,0.061,0.294
K2TiSbO3Cl3,unstable_likely,2.51772,0.86232,167.677,0.026,0.158
K2NbZnO3Cl3,unstable_likely,2.89022,0.80165,393.456,0.011,0.066
K2WAgO3I3,unstable_likely,1.93459,0.7745,93.4857,0.043,0.336
K2TaMnO3Br3,unstable_likely,2.18751,0.77625,116.12,0.037,0.205
K2ZrFeO3Cl3,unstable_likely,2.11632,0.82708,107.21,0.045,0.261
K2NbZnO3F3,unstable_likely,2.91722,0.82384,584.264,0.013,0.088
Na2GeBiO3Cl3,unstable_likely,2.92998,0.71031,680.02,0.005,0.059
K2TaFeO3Br3,unstable_likely,1.91813,0.78627,95.9974,0.048,0.342
K2ZrCrO3Cl3,unstable_likely,1.99637,0.80834,100.393,0.048,0.296
K2WAgO3Br3,unstable_likely,1.90726,0.76561,93.5272,0.038,0.3
K2ZrInO3Cl3,unstable_likely,2.83492,0.93291,242.406,0.017,0.115
K2SnGaO3Cl3,unstable_likely,2.84732,0.8935,338.827,0.02,0.122
K2ZrBiO3Br3,unstable_likely,2.05449,0.84565,101.673,0.054,0.291
K2GeBiO3I3,unstable_likely,1.97746,0.76739,101.553,0.049,0.301
K2ZrInO3I3,unstable_likely,2.24101,0.93374,100.279,0.04,0.251
Na2NbZnO3F3,unstable_likely,2.77532,0.8395,274.488,0.014,0.114
Na2ZrInO3Cl3,unstable_likely,2.98907,0.9177,376.144,0.014,0.071
K2TaSbO6,unstable_likely,3.0284,0.765,633.622,0.007,0.053
K2SnSbO3Br3,unstable_likely,1.81765,0.87338,85.5602,0.077,0.383
Na2TaFeO3Cl3,unstable_likely,2.27816,0.78705,134.767,0.02,0.196
K2TaMnO3Cl3,unstable_likely,2.23327,0.81336,125.314,0.023,0.233
K2ZrInO3Br3,unstable_likely,2.24606,0.92208,106.856,0.038,0.234
K2ZrSbO3Cl3,unstable_likely,2.78724,0.90101,253.196,0.023,0.112
K2SnBiO3Br3,unstable_likely,1.84398,0.77613,89.3297,0.073,0.388
Na2ZrGaO3F3,unstable_likely,3.75676,0.95879,4057.63,0.002,0.027
Na2TaZnO3F3,unstable_likely,2.84204,0.85885,363.602,0.016,0.104
K2ZrSbO3Br3,unstable_likely,2.25964,0.8894,116.688,0.047,0.245
K2TaZnO3Cl3,unstable_likely,2.61644,0.80269,242.402,0.014,0.123
K2SnTaO3Br3,unstable_likely,2.37826,0.88136,122.566,0.027,0.226
K2GeBiO3Br3,unstable_likely,2.16626,0.75221,135.227,0.034,0.213
K2ZrGaO3Cl3,unstable_likely,3.11877,0.93537,482.087,0.009,0.059
Na2ZrSbO3Cl3,unstable_likely,3.06699,0.90068,464.22,0.003,0.058
Rb2SbAgBr6,known_mp,1.10072,0.94474,65.9526,0,0.786
Cs2BiAgBr6,known_mp,1.28506,0.90334,65.0654,0,0.776
Cs2SbAgBr6,known_mp,1.11561,0.94025,65.2032,0,0.772
Cs2SbAgCl6,known_mp,1.53882,0.94865,66.6228,0,0.747
Rb2SbAgCl6,known_mp,1.49084,0.94924,68.305,0,0.711
Cs2BiAgBr3I3,stable_likely,1.32032,0.89217,64.9429,0,0.792
Rb2BiAgCl6,known_mp,1.78848,0.92426,73.665,0,0.51
Cs2BiAgCl6,known_mp,1.81672,0.92447,74.4124,0,0.488
K2GeCuF3Cl3,stable_likely,1.18619,0.67838,80.0309,0.108,0.532
Cs2AgInCl6,known_mp,1.38331,0.67994,82.9979,0,0.48
Cs2GeMnCl6,stable_likely,1.39475,0.84711,78.0992,0,0.526
Rb2GeMnCl6,stable_likely,1.31831,0.85899,76.4105,0,0.533
Rb2AgInCl6,known_mp,1.21829,0.66913,86.0527,0,0.454
Cs2SbAgF3Cl3,stable_likely,1.69614,0.91549,75.2369,0,0.526
Rb2SbAgF3Cl3,stable_likely,1.70396,0.92217,76.1308,0,0.511
Cs2GeMnCl3Br3,stable_likely,1.46452,0.86379,73.1891,0,0.596
K2SbAgF3Cl3,stable_likely,1.68381,0.9174,74.151,0.089,0.535
K2SbCuS3F3,stable_likely,1.42283,0.67867,89.3227,0.101,0.453
Rb2GeFeCl6,stable_likely,1.09831,0.8538,76.2588,0,0.506
Cs2MnCuCl3Br3,stable_likely,1.36687,0.6725,86.8841,0,0.469
Cs2SbCuS3F3,stable_likely,1.30112,0.67973,91.2856,0,0.427
K2SbCuO3F3,stable_likely,1.33503,0.58772,101.913,0.096,0.404
Cs2GeCuF3Cl3,stable_likely,1.38241,0.68634,92.9704,0,0.412
Na2GeCuF3Cl3,stable_likely,1.10003,0.67539,99.9688,0.084,0.417
Rb2AgInF3Cl3,stable_likely,1.45065,0.66925,94.6032,0,0.393
Cs2GeFeCl6,stable_likely,0.98466,0.84218,83.0703,0,0.474
Rb2BiAgF3Cl3,stable_likely,1.84443,0.91009,80.224,0,0.416
K2AgInF3Cl3,stable_likely,1.4529,0.67018,97.2147,0.072,0.408
K2VMnSe3F3,stable_likely,1.44458,0.79025,85.565,0.128,0.452
K2CrMnS3F3,stable_likely,1.65481,0.78714,91.7047,0.084,0.397
Rb2AgInF6,known_mp,1.70522,0.73181,93.9625,0,0.341
Na2SbCuO3F3,stable_likely,1.32317,0.634,106.535,0.093,0.391
Rb2CrMnS3F3,stable_likely,1.63269,0.81822,90.5329,0,0.377
Cs2WAgS3Br3,unstable_likely,1.43908,0.80041,69.5958,0,0.712
Rb2MnZnCl6,stable_likely,1.6634,0.66794,97.7712,0,0.352
Rb2FeSbS3F3,stable_likely,1.71941,0.80317,92.994,0,0.357
Rb2FeZnCl6,stable_likely,1.36642,0.6946,82.7232,0,0.476
Rb2VMnSe3F3,stable_likely,1.68368,0.82186,93.936,0,0.363
Cs2BiAgF3Cl3,stable_likely,1.95683,0.91469,84.2368,0,0.335
Cs2MnInO3Cl3,stable_likely,1.86605,0.89662,91.2963,0,0.338
Cs2SbAgBr3I3,unstable_likely,1.13443,0.93704,64.9492,0,0.786
Cs2AgGaF3Cl3,stable_likely,1.65913,0.67903,97.8688,0,0.356
Cs2SnFeS3F3,stable_likely,1.92108,0.87948,92.5921,0,0.327
Rb2SnFeS3F3,stable_likely,1.73589,0.86445,89.0927,0,0.356
Rb2MnSbS3F3,stable_likely,1.83871,0.77146,97.4451,0,0.297
Cs2FeMnCl6,stable_likely,1.12538,0.50023,inf,0,0.286
Cs2FeMnCl3Br3,stable_likely,0.85055,0.54814,inf,0,0.314
Cs2CrMnS3F3,stable_likely,1.88488,0.82295,105.101,0,0.286
Cs2MnZnCl6,stable_likely,1.72879,0.63756,113.03,0,0.294
Cs2FeSbS3F3,stable_likely,1.9049,0.81809,95.8669,0,0.305
Rb2FeMnCl3Br3,stable_likely,0.86255,0.58143,inf,0,0.294
Rb2AgGaF3Cl3,stable_likely,1.68175,0.70307,103.496,0,0.32
Rb2WAgSe3Br3,unstable_likely,1.27891,0.80754,68.0524,0,0.711
Rb2MnBiS3Cl3,unstable_likely,1.23441,0.72302,84.161,0,0.469
Cs2VMnS3F3,stable_likely,1.9388,0.80764,105.509,0,0.296
Rb2CrMnO3F3,stable_likely,2.11605,0.84467,115.187,0,0.232
Rb2MoFeO3F3,stable_likely,2.00777,0.83788,118.54,0,0.242
Cs2WAgSe3Br3,unstable_likely,1.25155,0.808,67.8041,0,0.728
Rb2AgGaF6,known_mp,2.07833,0.73425,127.975,0,0.2
Cs2MoAgS3Br3,unstable_likely,1.33835,0.84777,68.3305,0,0.717
Rb2MnBiS3F3,stable_likely,1.53339,0.65742,116.768,0,0.319
Cs2AgInF6,known_mp,2.06249,0.72175,134.772,0,0.195
Rb2VMnS3F3,stable_likely,1.84885,0.81007,97.1806,0,0.302
Rb2CrAgCl6,unstable_likely,1.24156,0.64429,83.6278,0,0.482
Rb2VFeO3F3,stable_likely,1.81047,0.85437,94.3688,0,0.302
Rb2MoAgO3F3,stable_likely,2.16152,0.84326,124.592,0,0.229
Cs2FeZnCl6,unstable_likely,1.28989,0.69,91.3887,0,0.43
Rb2WFeO3F3,stable_likely,2.12704,0.83257,129.609,0,0.223
Cs2VMnSe3F3,stable_likely,2.04121,0.80567,129.736,0,0.23
Cs2SnCrS3F3,stable_likely,2.20187,0.8979,114.553,0,0.219
Rb2NbFeS3F3,unstable_likely,1.63532,0.81303,91.1976,0,0.366
Rb2MnBiO3F3,stable_likely,1.81473,0.62541,271.965,0,0.198
Rb2SnVS3F3,stable_likely,2.28219,0.92687,128.563,0,0.204
Cs2FeAgCl3Br3,unstable_likely,0.95041,0.71837,91.3756,0,0.433
Rb2SnNbS3F3,stable_likely,2.25493,0.93,122.245,0,0.226
Cs2NbFeS3F3,stable_likely,1.95625,0.83185,116.574,0,0.258
Cs2MnBiS3F3,stable_likely,1.94174,0.67694,131.26,0,0.234
Rb2WAgO3F3,stable_likely,2.33489,0.88735,142.318,0,0.191
Rb2NbMnS3F3,stable_likely,2.0964,0.82734,116.876,0,0.23
Cs2SnVS3F3,stable_likely,2.37656,0.92053,156.014,0,0.184
Cs2SnNbS3F3,stable_likely,2.37939,0.92489,147.213,0,0.185
Cs2MoFeO3F3,stable_likely,2.38881,0.83893,216.5,0,0.187
Cs2AgInBr6,known_mp,0.60855,0.50285,inf,0,0.152
Cs2MnZnCl3Br3,unstable_likely,1.51953,0.63441,95.4745,0,0.418
Rb2NbMnSe3F3,stable_likely,1.87992,0.81228,105.258,0,0.289
Cs2TiWO6,stable_likely,2.41223,0.87603,149.382,0,0.165
Rb2VCuO3F3,unstable_likely,1.13284,0.7334,108.795,0,0.335
Cs2WAgSe3Cl3,unstable_likely,1.47582,0.79088,72.4182,0,0.601
Rb2AgInBr6,known_mp,0.55011,0.52128,inf,0,0.147
Rb2TiWO6,stable_likely,2.35636,0.86301,118.113,0,0.166
Cs2NbMnS3F3,stable_likely,2.26143,0.84041,136.845,0,0.186
Cs2VFeS3F3,unstable_likely,1.60226,0.82457,96.8814,0,0.34
Cs2AgInBr3I3,stable_likely,0.76869,0.5216,inf,0,0.268
Rb2TaMnSe3F3,stable_likely,2.27101,0.78793,130.357,0,0.17
Cs2MnBiO3F3,stable_likely,2.12284,0.65205,197.719,0,0.156
Cs2AgGaF6,known_mp,2.4699,0.70459,221.81,0,0.137
Rb2VFeS3F3,unstable_likely,1.27457,0.82405,88.1095,0,0.41
Cs2MnBiS3Cl3,unstable_likely,1.48777,0.72293,88.0818,0,0.436
Rb2SnFeO3F3,stable_likely,2.03237,0.86249,103.792,0,0.235
Cs2NbMnSe3F3,stable_likely,2.18282,0.81754,141.34,0,0.22
Rb2MnInO3Cl3,unstable_likely,1.66025,0.88245,87.3377,0,0.376
Cs2WFeO3F3,stable_likely,2.58322,0.83351,276.882,0,0.149
Rb2SnCrS3F3,stable_likely,2.08131,0.90457,101.193,0,0.233
Rb2FeAgCl3Br3,unstable_likely,1.02881,0.73364,80.282,0,0.514
Rb2TiSbS3F3,stable_likely,2.39784,0.88602,145.25,0,0.172
Cs2TiSbS3F3,stable_likely,2.48729,0.88612,185.997,0,0.171
Cs2FeAgCl3I3,unstable_likely,0.71734,0.73836,110.128,0,0.365
Cs2TiBiSe3Br3,unstable_likely,1.49864,0.86137,71.3628,0,0.62
Cs2MoAgO3F3,stable_likely,2.57278,0.84085,255.547,0,0.14
Cs2ZrBiSe3Br3,unstable_likely,1.8961,0.87067,81.1509,0,0.369
Rb2BiAgF6,known_mp,2.28462,0.91443,103.12,0,0.118
Cs2WAgO3F3,stable_likely,2.66051,0.88205,253.244,0,0.133
Rb2WAgS3Br3,unstable_likely,1.48548,0.79635,71.0509,0,0.677
Cs2SnBiSe3Br3,unstable_likely,1.48528,0.92022,65.5337,0,0.799
Rb2VMnO3F3,stable_likely,2.4884,0.8441,193.469,0,0.127
Cs2FeAgBr3I3,unstable_likely,0.77573,0.71826,109.281,0,0.351
Rb2GeFeF3Cl3,stable_likely,2.14069,0.8648,113.439,0,0.224
Rb2MoAgSe3Br3,unstable_likely,1.11555,0.81383,70.6578,0,0.658
Rb2NbZnS3F3,stable_likely,2.28187,0.83177,145.516,0,0.182
Cs2FeAgCl6,unstable_likely,0.96644,0.63785,111.403,0,0.381
Cs2MnBiSe3Cl3,unstable_likely,1.3218,0.70583,82.4473,0,0.497
Cs2SnTaS3F3,stable_likely,2.60343,0.93513,186.301,0,0.132
Cs2TaMnSe3F3,stable_likely,2.46115,0.79326,183.305,0,0.168
Cs2TaFeSe3F3,unstable_likely,1.87769,0.79509,108.638,0,0.284
Rb2FeAgCl6,unstable_likely,1.03568,0.64654,102.849,0,0.399
Cs2MoAgSe3Br3,unstable_likely,1.10462,0.81305,70.2673,0,0.662
Cs2AgInCl3Br3,unstable_likely,1.33053,0.65974,88.2068,0,0.471
Rb2GeFeF6,stable_likely,2.45778,0.86971,165.657,0,0.108
Cs2MnBiS3Br3,unstable_likely,1.28554,0.74419,75.5297,0,0.566
Cs2NbCuS3F3,unstable_likely,1.62693,0.68429,126.936,0,0.296
Rb2SnInO3F3,stable_likely,2.91983,0.9491,355.179,0,0.106
Rb2NbCuS3F3,unstable_likely,1.06604,0.63547,169.307,0,0.301
Cs2SnBiS3I3,unstable_likely,1.41744,0.94024,65.705,0,0.768
Rb2WAgSe3Cl3,unstable_likely,1.51043,0.79574,73.0769,0,0.61
Rb2SnBiSe3Br3,unstable_likely,1.64395,0.89505,69.4163,0,0.642
Cs2CrAgF6,stable_likely,2.31916,0.57755,648.701,0,0.126
Rb2FeAgBr6,unstable_likely,0.88838,0.68002,94.1797,0,0.42
Rb2WInO3F3,stable_likely,2.89312,0.95882,306.798,0,0.111
Cs2ZrWO6,unstable_likely,2.41731,0.87487,143.605,0,0.178
Cs2SnInS3Cl3,unstable_likely,2.36658,0.97021,119.093,0,0.17
Cs2FeAgBr6,unstable_likely,0.786,0.67776,101.443,0,0.371
Rb2ZrBiSe3Br3,unstable_likely,2.02685,0.87711,86.7303,0,0.291
Rb2MoAgS3Cl3,unstable_likely,1.55126,0.85202,71.5665,0,0.612
Cs2NbZnS3F3,stable_likely,2.4858,0.85467,186.59,0,0.156
Cs2CrAgCl6,unstable_likely,1.16859,0.63791,96.095,0,0.435
Cs2TaCuS3F3,unstable_likely,2.32718,0.82868,144.451,0,0.192
Rb2ZrWO6,stable_likely,2.54309,0.87519,169.622,0,0.127
Cs2SbAgCl3I3,unstable_likely,1.50279,0.95951,66.114,0,0.771
Rb2FeAgF6,unstable_likely,2.02387,0.58554,168.103,0,0.175
Rb2MoAgS3Br3,unstable_likely,1.44421,0.85411,70.2955,0,0.683
Rb2GeBiS3Cl3,unstable_likely,2.14026,0.89101,95.8535,0,0.236
Rb2GeInS3F3,stable_likely,2.80522,0.94265,250.581,0,0.103
Rb2GeMnF6,stable_likely,2.70039,0.84217,280.964,0,0.09
Cs2MoAgSe3Cl3,unstable_likely,1.54179,0.88612,71.8012,0,0.61
Cs2GeFeO3F3,stable_likely,2.76915,0.83551,288.641,0,0.101
Rb2FeSbO3F3,unstable_likely,2.16578,0.79573,132.075,0,0.183
Rb2CrMoO3F3,stable_likely,2.95636,0.88982,491.259,0,0.087
Rb2GeFeO3F3,unstable_likely,2.29713,0.84534,147.232,0,0.17
Cs2GeBiS3Br3,unstable_likely,2.03674,0.93454,82.8112,0,0.304
Cs2FeAgF3Cl3,unstable_likely,1.41554,0.62137,107.303,0,0.39
Rb2TiBiSe3Cl3,unstable_likely,1.78573,0.87473,83.5036,0,0.393
Cs2ZrGaS3F3,stable_likely,3.08911,0.96398,489.017,0,0.079
Rb2NbFeSe3F3,unstable_likely,1.62814,0.81894,87.9617,0,0.368
Rb2FeAgF3Cl3,unstable_likely,1.35691,0.60012,109.517,0,0.359
Rb2SnInS3F3,stable_likely,2.77256,0.95221,243.461,0,0.123
Cs2VFeO3F3,stable_likely,2.54203,0.85502,224.201,0,0.133
Rb2FeZnF3Cl3,unstable_likely,2.14196,0.64406,151.759,0,0.16
Rb2MnSbO3F3,unstable_likely,2.27045,0.72231,144.437,0,0.197
Cs2SnFeO3F3,stable_likely,2.64893,0.85514,212.632,0,0.109
Rb2CrAgBr6,unstable_likely,0.90632,0.64365,96.2262,0,0.415
Cs2SnInO3F3,stable_likely,3.11169,0.94345,458.304,0,0.075
Rb2TaFeSe3F3,unstable_likely,1.72213,0.80511,92.3018,0,0.348
Cs2TiBiS3Br3,unstable_likely,1.77631,0.87471,77.396,0,0.454
Rb2ZrSbS3F3,stable_likely,2.759,0.91172,264.077,0,0.113
Cs2CrAgBr3I3,unstable_likely,0.78894,0.64151,118.457,0,0.34
Cs2CrWO3F3,stable_likely,2.92709,0.88066,474.982,0,0.102
Rb2FeCuF3Cl3,unstable_likely,0.91912,0.57642,inf,0,0.292
Cs2MoAgS3Cl3,unstable_likely,1.60902,0.85022,74.7356,0,0.538
Rb2CrAgF6,known_mp,2.74758,0.58912,1211.29,0,0.064
Rb2SbAgCl3I3,unstable_likely,1.46263,0.96249,64.2095,0,0.817
Cs2MnCuF3I3,unstable_likely,1.48844,0.61781,98.1288,0,0.393
Rb2TiMoO6,stable_likely,2.75402,0.90023,252.957,0,0.11
Cs2WAgS3I3,unstable_likely,1.58882,0.7515,72.3794,0,0.621
Cs2GeFeF3Cl3,unstable_likely,2.29338,0.86205,137.631,0,0.18
Cs2NbFeSe3F3,unstable_likely,1.91742,0.82493,108.087,0,0.271
Cs2TiBiSe3Cl3,unstable_likely,1.93737,0.87925,85.8711,0,0.353
Cs2GeMnF6,stable_likely,3.13835,0.81919,690.932,0,0.07
Rb2FeMnF6,stable_likely,2.62587,0.51125,inf,0,0.069
Rb2ZrBiS3Br3,unstable_likely,2.09103,0.88344,93.8873,0,0.239
Rb2TiBiS3Br3,unstable_likely,1.73861,0.87197,76.6607,0,0.478
Cs2MoInS3F3,unstable_likely,2.78821,0.96459,207.931,0,0.123
Cs2CrMoO3F3,stable_likely,3.2496,0.8781,1368.6,0,0.065
Cs2ZrSbS3F3,stable_likely,2.8637,0.91744,326.981,0,0.104
Rb2SnBiO3F3,stable_likely,3.1498,0.89798,619.424,0,0.069
Cs2TaZnSe3F3,unstable_likely,2.3972,0.77097,206.926,0,0.165
Cs2MoAgS3I3,unstable_likely,1.40155,0.82132,68.4415,0,0.723
Rb2ZrCrS3F3,unstable_likely,1.91616,0.84733,99.8522,0,0.288
Cs2TiMoO6,stable_likely,2.79838,0.90782,272.587,0,0.09
Rb2SnSbO3F3,stable_likely,3.14584,0.94651,562.112,0,0.062
Rb2CrAgCl3Br3,unstable_likely,1.10666,0.70097,82.1413,0,0.499
Cs2WAgS3Cl3,unstable_likely,1.66821,0.78785,76.2502,0,0.512
Cs2MoAgS3F3,unstable_likely,1.90946,0.87705,92.1123,0,0.332
Cs2GeInS3F3,stable_likely,3.10261,0.94696,449.918,0,0.062
Rb2WAgS3Cl3,unstable_likely,1.58459,0.80625,75.1168,0,0.567
Rb2AgInCl3Br3,unstable_likely,1.20494,0.63575,88.0828,0,0.461
Cs2TaFeS3F3,unstable_likely,1.94141,0.85852,98.6603,0,0.308
Cs2GeFeF6,stable_likely,3.18191,0.86743,885.053,0,0.055
Cs2ZrBiS3Br3,unstable_likely,2.11226,0.88912,91.1724,0,0.275
Cs2FeSbO3F3,stable_likely,2.76203,0.78986,347.302,0,0.074
Cs2TaMnS3F3,unstable_likely,2.19221,0.84087,121.075,0,0.21
Rb2MoInO3F3,stable_likely,3.27462,0.96228,691.688,0,0.064
Rb2WSbO3F3,unstable_likely,2.51127,0.85734,204.365,0,0.134
Cs2ZrCrS3F3,unstable_likely,2.00698,0.84976,110.972,0,0.278
Cs2AgGaBr3I3,unstable_likely,0.7768,0.55983,inf,0,0.294
Cs2FeMnF6,stable_likely,2.95779,0.54053,inf,0,0.053
Rb2WBiO3F3,unstable_likely,2.47601,0.78229,213.797,0,0.143
Cs2BiAgCl3I3,unstable_likely,1.63495,0.93848,68.5455,0,0.676
Rb2SnGaO3F3,stable_likely,3.0817,0.94778,492.683,0,0.069
Cs2CrAgCl3Br3,unstable_likely,1.07188,0.69145,84.729,0,0.485
Rb2SnVO3F3,unstable_likely,2.84639,0.91394,293.13,0,0.108
Cs2FeCuF3Cl3,unstable_likely,1.53957,0.594,120.569,0,0.338
Cs2CrAgBr6,unstable_likely,0.79398,0.62853,112.265,0,0.343
Rb2AgInCl3I3,unstable_likely,1.15675,0.63039,88.8148,0,0.468
Cs2SnInS3F3,stable_likely,2.95501,0.9559,355.364,0,0.086
Rb2MoInS3F3,unstable_likely,2.5461,0.95933,144.71,0,0.139
Rb2ZrGaS3F3,stable_likely,3.15772,0.97063,488.154,0,0.048
Cs2SnBiO3F3,stable_likely,3.22929,0.89973,733.606,0,0.051
Cs2TaCuSe3F3,unstable_likely,1.9147,0.75376,119.001,0,0.264
Cs2VCuO3F3,unstable_likely,2.13717,0.74001,222.357,0,0.17
Rb2GeCuF6,unstable_likely,1.35588,0.71442,84.3447,0,0.462
Cs2GeBiS3Cl3,unstable_likely,2.23632,0.90404,105.497,0,0.21
Cs2AgInCl3I3,unstable_likely,1.17439,0.65426,85.3598,0,0.476
Rb2CrWO3F3,unstable_likely,2.37105,0.89486,170.939,0,0.152
Cs2ZrBiS3I3,unstable_likely,2.02633,0.89664,85.6365,0,0.292
Cs2WInO3F3,stable_likely,3.25015,0.95932,735.235,0,0.071
Cs2WBiO3F3,unstable_likely,2.60186,0.76996,299.439,0,0.118
Rb2TaMnS3F3,unstable_likely,2.05825,0.84181,110.908,0,0.266
Cs2FeAgF6,unstable_likely,2.05521,0.60668,189.047,0,0.173
Cs2GeCuF3I3,unstable_likely,1.21494,0.74367,81.6908,0,0.501
Rb2GeInO3F3,stable_likely,3.10955,0.94153,459.158,0,0.054
Cs2SnVO3F3,unstable_likely,3.1323,0.9175,571.537,0,0.08
Cs2SnGaO3F3,stable_likely,3.35949,0.94482,932.702,0,0.048
Rb2SnTaS3F3,unstable_likely,2.52541,0.93018,150.483,0,0.165
Cs2FeCuF6,unstable_likely,2.2448,0.60877,247.237,0,0.138
Cs2CrAgCl3I3,unstable_likely,1.00265,0.70753,84.9388,0,0.471
Rb2TiBiS3Cl3,unstable_likely,2.03367,0.87212,93.5204,0,0.283
Rb2TiFeO3F3,unstable_likely,2.62143,0.85423,212.013,0,0.103
Rb2GeCuF3I3,unstable_likely,0.99413,0.75853,82.5575,0,0.489
Cs2ZrInS3Cl3,unstable_likely,2.46674,0.97347,126.684,0,0.133
Cs2SnTaSe3F3,unstable_likely,2.26605,0.91734,129.746,0,0.229
Cs2MnSbO3F3,unstable_likely,2.69008,0.71667,394.722,0,0.1
Rb2SbAgCl3Br3,unstable_likely,1.4097,0.96403,68.6529,0,0.714
Rb2MoGaO3F3,stable_likely,3.39056,0.97025,1185.42,0,0.052
Rb2MnCuF3I3,unstable_likely,1.46705,0.59477,104.317,0,0.371
Rb2SnGaS3F3,unstable_likely,2.9309,0.95241,352.784,0,0.088
Rb2TaZnSe3F3,unstable_likely,2.15279,0.78032,128.139,0,0.232
Cs2SnSbO3F3,stable_likely,3.52369,0.94397,1500.2,0,0.036
Rb2GeBiO3F3,stable_likely,3.1203,0.89032,503.104,0,0.04
Cs2FeZnF3Cl3,unstable_likely,2.3604,0.63777,238.513,0,0.121
Rb2MoSbO3F3,unstable_likely,2.71064,0.89813,243.175,0,0.116
Cs2TiBiS3F3,unstable_likely,2.53477,0.86688,203.867,0,0.16
Cs2WAgSe3F3,unstable_likely,1.87632,0.80627,93.9734,0,0.329
Rb2MoBiO3F3,unstable_likely,2.40794,0.87613,149.676,0,0.178
Cs2TiFeO3F3,unstable_likely,3.16372,0.85263,793.883,0,0.065
Cs2TiInSe3F3,unstable_likely,1.96842,0.96486,95.2329,0,0.314
Rb2ZrBiSe3Cl3,unstable_likely,2.19342,0.89242,105.348,0,0.233
Rb2MoAgS3F3,unstable_likely,1.7771,0.87044,83.0309,0,0.412
Cs2BiAgF6,known_mp,2.7196,0.92278,183.863,0,0.028
Cs2GeCuF3Br3,unstable_likely,1.26225,0.73526,85.2254,0,0.461
Rb2ZrFeSe3F3,unstable_likely,1.73772,0.86434,89.7046,0,0.351
Cs2GeCuF6,unstable_likely,1.54019,0.6922,92.8189,0,0.371
Rb2GeMnF3Cl3,unstable_likely,2.38289,0.8549,156.087,0,0.133
Rb2WAgSe3F3,unstable_likely,1.82473,0.80784,91.6326,0,0.338
Cs2SnGaS3F3,stable_likely,3.38552,0.95722,914.389,0,0.045
Rb2WGaO3F3,unstable_likely,3.04824,0.9675,483.978,0,0.098
Cs2SbAgCl3Br3,unstable_likely,1.49947,0.96299,68.0872,0,0.686
Rb2TiInSe3F3,unstable_likely,1.83,0.96446,87.7103,0,0.338
Rb2WInS3F3,unstable_likely,2.30934,0.94841,118.558,0,0.206
Rb2NbZnSe3F3,unstable_likely,2.02352,0.80466,109.006,0,0.253
Rb2NbTaO6,unstable_likely,2.50471,0.85607,164.899,0,0.127
Rb2WAgS3F3,unstable_likely,2.10111,0.89031,99.1768,0,0.24
Rb2GeVO3F3,unstable_likely,3.01658,0.90567,561.673,0,0.082
Rb2ZrFeS3F3,unstable_likely,1.75227,0.84364,86.3696,0,0.373
Rb2SnSbS3F3,unstable_likely,2.17582,0.94787,107.353,0,0.24
Cs2GeBiO3F3,stable_likely,3.54463,0.88924,1886.7,0,0.029
Rb2TiBiS3F3,unstable_likely,2.39724,0.85035,158.436,0,0.177
Cs2ZrFeS3F3,unstable_likely,1.91511,0.84603,102.325,0,0.301
Cs2MoBiS3Cl3,unstable_likely,1.79932,0.87151,79.2465,0,0.452
Rb2MnCuF3Cl3,unstable_likely,1.19739,0.50496,inf,0,0.292
Cs2WInS3F3,unstable_likely,2.3406,0.95225,124.934,0,0.226
Rb2FeAgF3I3,unstable_likely,1.41538,0.69136,82.6719,0,0.464
Cs2GeVO3F3,unstable_likely,3.26672,0.89927,1139.68,0,0.066
Cs2GeGaO3F3,stable_likely,3.71507,0.94429,8473.22,0,0.029
Cs2SnSbS3F3,unstable_likely,2.34122,0.95143,118.699,0,0.227
Cs2WBiSe3Br3,unstable_likely,1.18085,0.8076,69.6101,0,0.701
Cs2GeMnF3I3,unstable_likely,1.79564,0.86097,92.289,0,0.36
Cs2WAgS3F3,unstable_likely,2.14794,0.87735,104.105,0,0.243
Cs2CrMnO3Cl3,unstable_likely,1.91906,0.859,95.6954,0,0.301
Cs2NbZnSe3F3,unstable_likely,2.14881,0.79264,150.666,0,0.2
Rb2ZrInS3Cl3,unstable_likely,2.32846,0.97126,109.02,0,0.162
Cs2SnBiS3Br3,unstable_likely,1.9116,0.93421,77.5819,0,0.397
Rb2GeSbO3F3,stable_likely,3.20098,0.93206,597.651,0,0.03
Rb2SnBiS3Br3,unstable_likely,1.84328,0.91058,77.2828,0,0.427
Rb2CrWO6,unstable_likely,1.78938,0.62122,141.001,0,0.256
Cs2WSbO3F3,unstable_likely,2.75638,0.85905,328.064,0,0.111
Rb2FeZnF6,unstable_likely,2.5172,0.6265,303.772,0,0.053
Rb2SbAgF3I3,unstable_likely,1.3553,0.93983,69.7903,0,0.693
Rb2WInO3Cl3,unstable_likely,2.49261,0.92542,154.574,0,0.164
Rb2MoAgSe3Cl3,unstable_likely,1.58136,0.88914,72.4236,0,0.602
Rb2MoBiS3Cl3,unstable_likely,1.73937,0.86441,77.6702,0,0.463
Rb2GeMnF3I3,unstable_likely,1.7698,0.86577,83.4048,0,0.387
Cs2GeMnF3Cl3,unstable_likely,2.44261,0.8452,176.754,0,0.15
Cs2TiBiS3Cl3,unstable_likely,2.19162,0.8793,106.191,0,0.201
Cs2CrAgF3Cl3,unstable_likely,1.56595,0.5952,124.392,0,0.316
Cs2FeAgF3I3,unstable_likely,1.52456,0.68767,90.2223,0,0.401
Cs2NbTaO6,unstable_likely,2.47855,0.85328,178.867,0,0.13
Cs2GeFeF3I3,unstable_likely,1.68665,0.8808,85.0179,0,0.409
Cs2GeSbO3F3,stable_likely,3.53396,0.93364,1511.93,0,0.025
Rb2WSbS3F3,unstable_likely,2.10313,0.86446,112.023,0,0.235
Rb2GeCuF3Br3,unstable_likely,1.07817,0.76163,86.9722,0,0.435
Rb2MoInO3Cl3,unstable_likely,2.55609,0.93582,153.228,0,0.126
Cs2SbCuO3Cl3,unstable_likely,1.13299,0.55417,inf,0,0.321
Rb2SnCrO3F3,unstable_likely,2.67171,0.89838,219.241,0,0.127
Rb2VZnO3F3,unstable_likely,2.62275,0.8584,233.777,0,0.13
Rb2FeMnF3I3,unstable_likely,1.52576,0.54493,241.706,0,0.284
Cs2MoBiS3F3,unstable_likely,2.08303,0.86753,105.446,0,0.277
Cs2WInO3Cl3,unstable_likely,2.38886,0.9402,131.427,0,0.179
Rb2CrAgF3Cl3,unstable_likely,1.77452,0.60521,120.841,0,0.271
Rb2CrMnO3Cl3,unstable_likely,1.6767,0.83473,85.947,0,0.368
Cs2MnCuF3Cl3,unstable_likely,1.78106,0.53709,545.163,0,0.241
Rb2TiSbSe3F3,unstable_likely,1.56304,0.88627,85.8247,0,0.403
Cs2TaZnS3F3,unstable_likely,2.57937,0.83778,251.631,0,0.125
Cs2MoFeS3F3,unstable_likely,1.72991,0.85075,95.1019,0,0.34
Cs2BiAgCl3Br3,unstable_likely,1.69025,0.94329,71.1895,0,0.595
Rb2FeCuF3Br3,unstable_likely,1.38556,0.70312,85.235,0,0.419
Cs2MoInO3F3,stable_likely,3.686,0.96109,6151.8,0,0.031
Rb2SbCuO3Cl3,unstable_likely,1.04243,0.5098,inf,0,0.276
Cs2GeInO3F3,stable_likely,3.53747,0.93823,1641.2,0,0.02
Cs2SnCrO3F3,unstable_likely,2.94819,0.88554,437.266,0,0.077
Rb2WBiS3Cl3,unstable_likely,1.65364,0.77408,80.8839,0,0.466
Cs2FeAgF3Br3,unstable_likely,1.38396,0.66742,85.5591,0,0.461
Cs2MoGaO3F3,unstable_likely,3.77638,0.97022,14601.2,0,0.037
Cs2GeZnF3Cl3,stable_likely,3.42702,0.84753,1503.59,0,0.018
Cs2ZrBiSe3Cl3,unstable_likely,2.21576,0.89695,104.133,0,0.23
Cs2MoInO3Cl3,unstable_likely,2.82994,0.95013,234.342,0,0.095
Rb2MnZnF6,unstable_likely,2.65858,0.56103,992.327,0,0.067
Cs2MnCuF3Br3,unstable_likely,1.56581,0.57045,173.624,0,0.309
Rb2SnVO3Cl3,unstable_likely,2.29203,0.9191,122.226,0,0.19
Rb2TaFeS3F3,unstable_likely,1.81453,0.85833,94.4933,0,0.323
Cs2MoBiSe3Br3,unstable_likely,1.08785,0.83348,69.7152,0,0.692
Cs2MoAgO3Cl3,unstable_likely,1.76703,0.83467,86.0847,0,0.366
Rb2SnBiS3Cl3,unstable_likely,2.15309,0.90304,95.9783,0,0.229
Cs2SnBiS3Cl3,unstable_likely,2.24452,0.91279,105.877,0,0.21
Rb2MoBiO3Cl3,unstable_likely,2.12365,0.79934,132.714,0,0.193
Rb2TaCuS3F3,unstable_likely,2.08358,0.81772,120.236,0,0.21
Cs2ZrFeSe3F3,unstable_likely,1.967,0.85132,106.055,0,0.29
Cs2WBiS3F3,unstable_likely,2.24106,0.75076,145.682,0,0.184
Cs2SbAgF3I3,unstable_likely,1.51357,0.93488,70.1925,0,0.643
Rb2AgGaCl3Br3,unstable_likely,1.20697,0.63569,92.8472,0,0.441
Rb2MnCuF3Br3,unstable_likely,1.4204,0.58381,123.875,0,0.351
Rb2FeAgF3Br3,unstable_likely,1.35256,0.71024,86.2694,0,0.458
Rb2MnBiO3Cl3,unstable_likely,1.55635,0.61805,125.667,0,0.31
Rb2GeFeF3I3,unstable_likely,1.63519,0.89402,79.5336,0,0.46
Rb2MoSbO3Cl3,unstable_likely,2.12972,0.86498,106.762,0,0.252
Rb2GeSbS3F3,unstable_likely,2.44875,0.94003,131.46,0,0.136
Rb2WBiS3F3,unstable_likely,2.11594,0.75043,125.174,0,0.21
Cs2MoBiO3F3,unstable_likely,2.79318,0.85005,357.276,0,0.105
Rb2MoBiS3F3,unstable_likely,2.09668,0.87791,102.777,0,0.229
Rb2SnNbSe3F3,unstable_likely,1.71461,0.91237,91.2549,0,0.35
Cs2WBiS3I3,unstable_likely,1.297,0.80691,68.2227,0,0.725
Cs2TiSbSe3F3,unstable_likely,1.80043,0.88282,91.2763,0,0.336
Cs2MoBiS3Br3,unstable_likely,1.22329,0.83686,69.1145,0,0.703
Cs2ZrInSe3F3,unstable_likely,2.33684,0.97327,117.03,0,0.218
Rb2ZrFeO3F3,unstable_likely,2.66565,0.86751,222.611,0,0.115
Rb2ZrMoO6,unstable_likely,2.81683,0.90598,289.992,0,0.082
Cs2FeCuF3Br3,unstable_likely,1.39762,0.67296,90.8839,0,0.419
Cs2SnNbSe3F3,unstable_likely,1.78015,0.90772,93.2091,0,0.347
Cs2AgInF3I3,unstable_likely,1.32327,0.63362,101.217,0,0.404
Cs2MoBiSe3Cl3,unstable_likely,1.54849,0.87535,73.0948,0,0.573
Cs2SnFeO3Cl3,unstable_likely,1.90978,0.84385,94.3666,0,0.323
Cs2ZrFeO3F3,unstable_likely,3.04173,0.86988,508.638,0,0.093
Rb2MoBiS3Br3,unstable_likely,1.27855,0.82568,69.3929,0,0.704
Cs2MoBiO3Cl3,unstable_likely,2.16661,0.82789,111.182,0,0.241
Rb2MoWO6,unstable_likely,1.68,0.58246,262.277,0,0.228
Cs2AgGaCl3Br3,unstable_likely,1.2874,0.62118,95.212,0,0.422
Rb2WBiO3Cl3,unstable_likely,2.28538,0.72019,157.589,0,0.171
Rb2WSbO3Cl3,unstable_likely,2.3295,0.8084,154.483,0,0.173
Cs2MnBiO3Cl3,unstable_likely,1.70278,0.66965,104.175,0,0.3
Cs2ZrBiS3F3,unstable_likely,2.7981,0.89982,294.352,0,0.113
Cs2SbAgF3Br3,unstable_likely,1.64136,0.93837,73.2091,0,0.568
Cs2MoWO6,unstable_likely,1.72449,0.61152,353.922,0,0.221
Cs2FeMnF3I3,unstable_likely,1.66551,0.53879,inf,0,0.223
Cs2WSbO3Cl3,unstable_likely,2.26534,0.81763,134.381,0,0.189
Rb2TiBiSe3F3,unstable_likely,1.74215,0.83553,89.5991,0,0.342
Rb2TiCrO3F3,unstable_likely,2.34158,0.85818,149.067,0,0.163
Rb2NbCuSe3F3,unstable_likely,1.51401,0.69687,107.609,0,0.334
Cs2VMnO3Cl3,unstable_likely,2.08911,0.85331,102.87,0,0.252
Rb2VMnO3Cl3,unstable_likely,1.96627,0.8428,98.7814,0,0.273
Rb2MoSbS3F3,unstable_likely,1.99823,0.90961,99.5894,0,0.291
Cs2WGaO3F3,unstable_likely,3.27769,0.96683,788.583,0,0.067
Cs2AgGaCl3I3,unstable_likely,1.19711,0.63597,90.2039,0,0.451
Cs2TiCrO3F3,unstable_likely,2.82054,0.84861,385.768,0,0.102
K2GeZnF6,stable_likely,3.54527,0.86854,2078.72,0,0.014
Rb2NbFeO3F3,unstable_likely,2.23445,0.83857,146.883,0,0.194
Rb2MoBiSe3Cl3,unstable_likely,1.64277,0.86224,75.3103,0,0.524
Cs2WBiS3Br3,unstable_likely,1.3241,0.81,70.3574,0,0.654
Rb2GeGaO3F3,unstable_likely,3.52485,0.95183,1718.92,0,0.024
Rb2VMnO3Br3,unstable_likely,1.9434,0.85901,94.6774,0,0.303
Cs2MoSbO3F3,unstable_likely,3.29606,0.90017,914.608,0,0.058
Cs2GeZnF6,stable_likely,3.84921,0.84175,inf,0,0.012
Cs2GeBiSe3Cl3,unstable_likely,2.02274,0.91853,86.0771,0,0.314
Rb2ZrInSe3F3,unstable_likely,2.16469,0.97333,100.444,0,0.265
Cs2WBiSe3Cl3,unstable_likely,1.4361,0.7602,76.0854,0,0.555
Rb2SnFeO3Cl3,unstable_likely,1.73795,0.82129,88.4299,0,0.348
Rb2FeSbO3Cl3,unstable_likely,1.67729,0.76051,94.8343,0,0.333
Cs2FeZnF3I3,unstable_likely,1.74495,0.62217,115.435,0,0.32
Rb2SbAgF3Br3,unstable_likely,1.47194,0.94417,70.6517,0,0.642
Cs2WFeS3F3,unstable_likely,1.72298,0.83346,91.4873,0,0.354
Rb2AgInF3I3,unstable_likely,1.19287,0.62092,98.4076,0,0.404
Rb2MnSbO3Cl3,unstable_likely,1.73416,0.74034,98.3861,0,0.312
Rb2WBiSe3Cl3,unstable_likely,1.43022,0.75859,75.1332,0,0.558
Cs2WBiS3Cl3,unstable_likely,1.79406,0.77923,87.3589,0,0.346
Rb2SnCrO3Cl3,unstable_likely,1.90676,0.87829,92.0837,0,0.329
Rb2SnTaSe3F3,unstable_likely,2.18691,0.91493,114.136,0,0.238
Cs2GeCrO3F3,unstable_likely,3.14957,0.86418,688.173,0,0.06
Rb2MnZnF3Cl3,unstable_likely,2.2624,0.56286,496.853,0,0.109
Cs2MnSbO3Cl3,unstable_likely,1.84998,0.75454,98.1415,0,0.299
Cs2MoSbO3Cl3,unstable_likely,2.34973,0.88698,137.152,0,0.203
Cs2VZnO3F3,unstable_likely,3.00056,0.85726,535.012,0,0.084
Cs2GeBiS3F3,unstable_likely,2.70088,0.89903,199.162,0,0.095
Rb2GeZnF3I3,unstable_likely,2.50039,0.88548,141.1,0,0.12
Rb2BiAgF3I3,unstable_likely,1.54955,0.91725,71.1025,0,0.643
Cs2TiInO3F3,unstable_likely,3.56131,0.96106,1991.49,0,0.037
Cs2ZrMoO6,unstable_likely,2.94765,0.91424,380.009,0,0.081
Rb2TiInO3F3,unstable_likely,3.15456,0.96744,544.357,0,0.054
Rb2GeCrO3F3,unstable_likely,2.74373,0.88514,270.123,0,0.095
Rb2MoAgO3Cl3,unstable_likely,1.69302,0.81255,88.2483,0,0.355
Rb2WBiSe3F3,unstable_likely,1.76528,0.75545,95.3244,0,0.344
Rb2NbMnO3F3,unstable_likely,2.83289,0.83629,444.791,0,0.088
Rb2WFeS3F3,unstable_likely,1.65975,0.83554,93.873,0,0.343
Cs2TiBiSe3F3,unstable_likely,1.83496,0.84268,96.0737,0,0.315
Rb2CrAgF3I3,unstable_likely,1.392,0.68651,80.2617,0,0.501
Rb2VFeO3Cl3,unstable_likely,1.74436,0.83917,88.1777,0,0.364
Rb2GeFeF3Br3,unstable_likely,1.60732,0.89645,80.1857,0,0.439
Rb2ZrBiS3F3,unstable_likely,2.63705,0.8849,247.413,0,0.137
Cs2MnBiSe3F3,unstable_likely,1.48542,0.64495,101.127,0,0.353
Cs2VFeO3Cl3,unstable_likely,1.90804,0.84809,98.7005,0,0.31
Cs2AgInF3Br3,unstable_likely,1.37639,0.64725,98.0261,0,0.389
Rb2TaMnO3F3,unstable_likely,2.66207,0.84283,272.135,0,0.119
Cs2WSbS3F3,unstable_likely,2.1404,0.85528,117.322,0,0.214
Cs2BiAgF3Br3,unstable_likely,1.76755,0.92507,74.7307,0,0.511
Cs2WBiO3Cl3,unstable_likely,2.5054,0.74489,211.128,0,0.112
Cs2SnVO3Cl3,unstable_likely,2.56049,0.91543,183.973,0,0.141
Rb2GeBiS3F3,unstable_likely,2.53195,0.87644,178.669,0,0.117
Rb2GeMnF3Br3,unstable_likely,1.73147,0.86776,83.6941,0,0.388
Rb2MoFeS3F3,unstable_likely,1.54134,0.85663,86.0597,0,0.382
Rb2TiGaO3F3,unstable_likely,3.0396,0.97225,446.946,0,0.069
Cs2MnSbSe3F3,unstable_likely,1.47963,0.75704,86.6683,0,0.413
Cs2CrAgF3I3,unstable_likely,1.40495,0.65145,86.9913,0,0.444
Rb2FeZnF3I3,unstable_likely,1.64448,0.6399,98.2386,0,0.344
Cs2BiAgF3I3,unstable_likely,1.64045,0.91754,72.3737,0,0.591
Rb2TaZnS3F3,unstable_likely,2.37668,0.82518,179.108,0,0.164
Cs2FeSbO3Cl3,unstable_likely,1.92163,0.78634,102.3,0,0.288
Rb2ZrBiS3Cl3,unstable_likely,2.47356,0.90779,138.117,0,0.134
Cs2FeSbSe3F3,unstable_likely,1.43912,0.80552,83.1471,0,0.45
Rb2FeMnF3Br3,unstable_likely,1.57943,0.59532,129.326,0,0.289
Rb2WBiS3Br3,unstable_likely,1.31696,0.80979,70.2477,0,0.668
Cs2MnZnF6,unstable_likely,3.2757,0.53662,inf,0,0.022
Rb2FeSbSe3F3,unstable_likely,1.15115,0.81469,86.9598,0,0.46
Cs2VMnO3Br3,unstable_likely,2.17986,0.8568,110.319,0,0.218
Cs2GeFeF3Br3,unstable_likely,1.66972,0.87467,86.6437,0,0.407
Cs2MoAgSe3F3,unstable_likely,1.79725,0.87016,85.828,0,0.374
Cs2MnZnF3I3,unstable_likely,1.82559,0.54305,478.617,0,0.254
Cs2MoSbS3F3,unstable_likely,2.16894,0.91853,110.163,0,0.208
Cs2NbCuSe3F3,unstable_likely,1.63412,0.66379,135.093,0,0.267
Rb2GeZnF6,stable_likely,3.82265,0.84757,60732.9,0,0.007
Cs2GeZnF3I3,unstable_likely,2.65422,0.87967,199.934,0,0.076
Rb2TaCuSe3F3,unstable_likely,1.79391,0.75012,105.863,0,0.299
Rb2BiAgF3Br3,unstable_likely,1.69545,0.92375,75.4978,0,0.5
Rb2AgInF3Br3,unstable_likely,1.31438,0.64469,95.4786,0,0.397
Cs2MnZnF3Cl3,unstable_likely,2.37801,0.53861,3729.3,0,0.095
Cs2GeMnF3Br3,unstable_likely,1.84877,0.85023,97.4485,0,0.321
Cs2WBiSe3F3,unstable_likely,1.87493,0.74111,101.966,0,0.294
Rb2SnMoO6,unstable_likely,3.23916,0.90943,666.076,0,0.045
Rb2FeMnF3Cl3,unstable_likely,1.88757,0.57181,324.111,0,0.192
Rb2MnBiSe3F3,unstable_likely,1.38733,0.64107,104.451,0,0.358
Cs2NbCuO3Cl3,unstable_likely,1.67466,0.70772,101.075,0,0.324
Cs2ZrSbSe3F3,unstable_likely,1.99497,0.9097,100.197,0,0.297
Rb2ZrCrO3F3,unstable_likely,2.42832,0.87281,158.682,0,0.164
Cs2SnBiS3F3,unstable_likely,2.45376,0.91722,138.051,0,0.167
Rb2SnBiS3F3,unstable_likely,2.37073,0.90266,128.98,0,0.186
Rb2ZrSbSe3F3,unstable_likely,1.82735,0.91469,90.9926,0,0.324
Rb2SnWO6,unstable_likely,3.37443,0.86879,1476.7,0,0.035
Cs2ZrInO3F3,unstable_likely,3.80529,0.97215,13138.2,0,0.03
Rb2MnSbSe3F3,unstable_likely,1.28653,0.76982,87.8999,0,0.419
Rb2NbCuO3Cl3,unstable_likely,1.28041,0.63141,111.782,0,0.361
Cs2NbMnO3F3,unstable_likely,3.29554,0.84836,1329.06,0,0.062
Rb2NbCuO3F3,unstable_likely,1.3771,0.623,1002.94,0,0.22
Rb2AgGaF3I3,unstable_likely,1.1926,0.6442,92.5249,0,0.428
Cs2WInSe3F3,unstable_likely,2.16836,0.93349,104.295,0,0.243
Cs2MnBiO3I3,unstable_likely,1.48839,0.64532,94.4503,0,0.404
Cs2SnBiSe3Cl3,unstable_likely,2.07619,0.93352,90.5137,0,0.286
Cs2TaMnO3F3,unstable_likely,3.08766,0.84198,552.164,0,0.083
Cs2NbFeO3F3,unstable_likely,2.75591,0.85886,362.892,0,0.115
Rb2ZrBiSe3F3,unstable_likely,1.98282,0.86799,97.451,0,0.31
Rb2MnZnF3I3,unstable_likely,1.82379,0.58267,134.217,0,0.271
Rb2WFeO3Cl3,unstable_likely,1.93652,0.80765,101.44,0,0.288
Cs2TiGaO3F3,unstable_likely,3.29814,0.96514,833.989,0,0.049
Rb2TaFeO3F3,unstable_likely,2.19414,0.85136,128.867,0,0.205
Cs2ZrGaO3F3,unstable_likely,3.6658,0.97392,3917.22,0,0.058
Rb2ZrInO3F3,unstable_likely,3.55988,0.97139,2528.23,0,0.04
Rb2ZrGaO3F3,unstable_likely,3.6563,0.97429,3677.48,0,0.038
Rb2WInSe3F3,unstable_likely,2.06697,0.92849,95.3295,0,0.278
Cs2SnMoO6,unstable_likely,3.29703,0.92925,734.36,0,0.045
Rb2WSbSe3F3,unstable_likely,1.64651,0.81802,89.2128,0,0.375
Cs2CrAgF3Br3,unstable_likely,1.5305,0.65026,101.052,0,0.373
Rb2SnNbO3Cl3,unstable_likely,2.53916,0.91083,185.579,0,0.112
Cs2MoBiSe3F3,unstable_likely,1.67389,0.82621,84.5796,0,0.407
Rb2TiBiO3F3,unstable_likely,2.77213,0.85519,345.999,0,0.121
Cs2NbCuO3F3,unstable_likely,2.37074,0.65711,613.585,0,0.144
Cs2ZrBiS3Cl3,unstable_likely,2.55652,0.91122,171.415,0,0.095
Cs2TiBiO3F3,unstable_likely,3.06795,0.85842,635.818,0,0.084
Rb2CrAgF3Br3,unstable_likely,1.64864,0.69287,94.1061,0,0.364
Rb2TiSbO3F3,unstable_likely,3.02458,0.88929,528.579,0,0.081
Rb2SnNbO3F3,unstable_likely,3.04733,0.91245,454.109,0,0.099
Rb2MoAgSe3F3,unstable_likely,1.85625,0.88184,84.6229,0,0.357
Cs2ZrBiSe3F3,unstable_likely,2.08685,0.87935,108.901,0,0.275
Cs2AgGaF3Br3,unstable_likely,1.55728,0.66142,94.3655,0,0.373
Rb2FeZnF3Br3,unstable_likely,1.71701,0.64141,102.157,0,0.314
Cs2ZrCrO3F3,unstable_likely,2.81349,0.87823,357.634,0,0.097
Cs2MoInSe3F3,unstable_likely,2.08815,0.94809,101.288,0,0.267
Rb2MoBiSe3F3,unstable_likely,1.58793,0.83397,85.179,0,0.422
Cs2AgGaF3I3,unstable_likely,1.49937,0.6315,103.525,0,0.36
Rb2SnBiSe3Cl3,unstable_likely,2.15903,0.92639,95.0867,0,0.236
Rb2AgGaF3Br3,unstable_likely,1.45293,0.69303,92.9735,0,0.391
Cs2WSbSe3F3,unstable_likely,1.8409,0.81322,92.9995,0,0.319
Cs2SnWO6,unstable_likely,3.22307,0.89256,759.418,0,0.051
Cs2FeMnF3Br3,unstable_likely,1.66982,0.56461,inf,0,0.219
Rb2NbFeO3Cl3,unstable_likely,1.99349,0.8419,95.1953,0,0.255
Cs2FeZnF6,unstable_likely,3.37631,0.6365,3461.18,0,0.008
Cs2SnSbSe3F3,unstable_likely,1.64427,0.95037,78.28,0,0.47
Rb2MnBiO3I3,unstable_likely,1.41735,0.64065,98.2418,0,0.389
Rb2GeBiSe3F3,unstable_likely,1.83873,0.87292,84.8427,0,0.384
Cs2SnSbO3Cl3,unstable_likely,1.99943,0.92575,101.124,0,0.288
Rb2SnSbO3Cl3,unstable_likely,1.98935,0.9057,101.765,0,0.278
Cs2SnNbO3Cl3,unstable_likely,2.73894,0.92408,217.49,0,0.101
Rb2GeZnF3Br3,unstable_likely,2.71217,0.8868,206.412,0,0.092
Rb2MoInSe3F3,unstable_likely,1.97262,0.94325,91.6806,0,0.323
Cs2NbFeO3Cl3,unstable_likely,2.12698,0.87233,108.195,0,0.223
Cs2FeMnF3Cl3,unstable_likely,2.22663,0.54249,inf,0,0.11
Rb2NbMnO3Cl3,unstable_likely,2.09039,0.83635,106.318,0,0.228
Rb2GeNbO3F3,unstable_likely,3.30258,0.89904,1762.28,0,0.048
Rb2MoSbSe3F3,unstable_likely,1.52324,0.88736,80.6611,0,0.465
Rb2MnBiO3Br3,unstable_likely,1.4201,0.61417,113.1,0,0.343
Rb2MoAgO3I3,unstable_likely,1.80966,0.83613,84.0047,0,0.388
Cs2NbSbO6,unstable_likely,3.45472,0.90318,1563.29,0,0.04
Cs2GeNbO3F3,unstable_likely,3.5346,0.89665,3427.82,0,0.058
Cs2GeBiSe3F3,unstable_likely,1.99378,0.88685,90.1545,0,0.309
Cs2NbMnO3Cl3,unstable_likely,2.17157,0.86792,108.881,0,0.231
Cs2FeZnF3Br3,unstable_likely,1.87815,0.6139,143.903,0,0.232
Cs2SnNbO3F3,unstable_likely,3.49355,0.91541,2365.53,0,0.057
Rb2FeSbO3Br3,unstable_likely,1.44436,0.78389,83.1515,0,0.447
Cs2MnBiO3Br3,unstable_likely,1.49893,0.63688,118.176,0,0.347
Cs2MoAgO3Br3,unstable_likely,1.92692,0.86515,85.6539,0,0.355
Rb2GeTaO3F3,unstable_likely,2.91933,0.92545,365.692,0,0.107
Rb2MnZnF3Br3,unstable_likely,1.85993,0.57124,160.414,0,0.232
Rb2MoAgO3Br3,unstable_likely,1.898,0.85166,89.1011,0,0.32
Rb2SnBiSe3F3,unstable_likely,1.66726,0.90727,80.4776,0,0.429
Rb2NbSbO6,unstable_likely,3.3282,0.8609,1118.73,0,0.023
Cs2MoSbSe3F3,unstable_likely,1.65601,0.87486,82.0755,0,0.421
Rb2WBiO3I3,unstable_likely,1.87876,0.72899,95.0004,0,0.327
Rb2SnInO3Cl3,unstable_likely,2.04967,0.92309,104.556,0,0.26
Cs2WBiO3I3,unstable_likely,1.79372,0.75586,91.2692,0,0.364
Cs2MnZnF3Br3,unstable_likely,1.88555,0.53625,352.358,0,0.231
Cs2TiSbO3F3,unstable_likely,3.48466,0.88877,2257.88,0,0.036
Rb2SnSbSe3F3,unstable_likely,1.69532,0.95206,80.3491,0,0.416
Rb2MnSbO3Br3,unstable_likely,1.53041,0.75729,92.0669,0,0.379
Cs2TaFeO3F3,unstable_likely,2.74262,0.84117,352.394,0,0.11
Rb2TiInO3Cl3,unstable_likely,2.52104,0.94929,150.885,0,0.147
Cs2TaCuO3Cl3,unstable_likely,2.24101,0.82453,123.962,0,0.194
Cs2GeInO3Cl3,unstable_likely,2.48184,0.92901,137.382,0,0.16
Rb2GeInO3Cl3,unstable_likely,2.27049,0.91155,118.316,0,0.204
Cs2TiInO3Cl3,unstable_likely,2.64677,0.94451,192.99,0,0.117
Cs2WInO3Br3,unstable_likely,2.22549,0.92127,105.683,0,0.22
Cs2TaCuO3F3,unstable_likely,2.82837,0.83835,430.959,0,0.119
Cs2MoAgO3I3,unstable_likely,1.8699,0.85641,87.1849,0,0.345
Rb2SnInSe3F3,unstable_likely,1.71619,0.95691,86.2702,0,0.367
Cs2SnBiSe3F3,unstable_likely,1.79799,0.92031,79.9522,0,0.423
Rb2WAgO3Cl3,unstable_likely,2.12613,0.82387,103.407,0,0.229
Cs2MnSbO3Br3,unstable_likely,1.76022,0.7369,95.6754,0,0.336
Cs2SbZnO3Cl3,unstable_likely,2.41646,0.77374,179.436,0,0.156
Rb2TaCuO3F3,unstable_likely,2.38351,0.82462,178.155,0,0.149
Cs2FeSbO3Br3,unstable_likely,1.80575,0.78449,95.2815,0,0.341
Rb2SbZnO3Cl3,unstable_likely,2.32764,0.74978,181.111,0,0.148
Rb2SnTaO3F3,unstable_likely,3.18825,0.92774,715.339,0,0.09
Rb2ZrBiO3F3,unstable_likely,2.88043,0.88745,394.994,0,0.087
Rb2NbMnO3Br3,unstable_likely,2.07372,0.85084,103.831,0,0.246
Rb2NbCuO3Br3,unstable_likely,1.80188,0.72654,95.2407,0,0.318
Cs2SnInSe3F3,unstable_likely,2.03017,0.95486,103.584,0,0.293
Cs2WAgO3Cl3,unstable_likely,2.19192,0.8401,107.401,0,0.221
Cs2NbCuO3Br3,unstable_likely,1.77733,0.74159,89.6279,0,0.371
Rb2NbFeO3Br3,unstable_likely,1.957,0.85283,92.3564,0,0.291
Rb2WInO3Br3,unstable_likely,2.21019,0.89417,108.366,0,0.237
Cs2SnBiO3Cl3,unstable_likely,2.00124,0.86743,93.7755,0,0.308
Rb2SnTaO3Cl3,unstable_likely,2.99107,0.92118,390.703,0,0.074
Cs2GeTaO3F3,unstable_likely,3.18063,0.93247,638.967,0,0.07
Cs2NbMnO3I3,unstable_likely,2.20708,0.87154,102.457,0,0.225
Rb2TiBiO3Cl3,unstable_likely,2.73774,0.84602,296.883,0,0.101
Rb2TaCuO3Cl3,unstable_likely,2.26707,0.78649,139.272,0,0.168
Cs2SnTaO3Cl3,unstable_likely,2.99417,0.92831,419.199,0,0.087
Cs2MoBiO3I3,unstable_likely,1.77508,0.83615,83.6809,0,0.401
Cs2NbMnO3Br3,unstable_likely,2.19445,0.8769,107.306,0,0.218
Cs2ZrBiO3F3,unstable_likely,3.24971,0.89521,959.423,0,0.056
Rb2MoInO3Br3,unstable_likely,2.06867,0.91622,95.2013,0,0.292
Rb2SnBiO3Cl3,unstable_likely,2.11547,0.82765,113.855,0,0.23
Cs2GeZnF3Br3,unstable_likely,2.85702,0.87219,322.377,0,0.055
Cs2WAgO3I3,unstable_likely,1.84992,0.82518,85.3173,0,0.384
Cs2TiBiO3I3,unstable_likely,2.16284,0.86166,113.606,0,0.236
Rb2MoBiO3I3,unstable_likely,1.86549,0.80066,93.7622,0,0.32
Rb2ZrBiO3Cl3,unstable_likely,2.73455,0.87995,285.515,0,0.108
Cs2TiBiO3Cl3,unstable_likely,2.78625,0.86134,311.053,0,0.115
Cs2MoInO3Br3,unstable_likely,2.25195,0.93671,107.376,0,0.209
Rb2TiBiO3I3,unstable_likely,2.18267,0.84114,109.824,0,0.233
Cs2ZrWO3S3,unstable_likely,2.03567,0.90835,92.9927,0,0.298
Rb2GeBiO3Cl3,unstable_likely,2.61549,0.79816,219.929,0,0.097
Cs2SnInO3I3,unstable_likely,1.93685,0.94043,87.3313,0,0.361
Cs2SnInO3Cl3,unstable_likely,2.25196,0.93532,114.781,0,0.212
Rb2WAgO3I3,unstable_likely,1.96295,0.80696,94.6257,0,0.309
Rb2SnInO3I3,unstable_likely,1.84295,0.93363,84.6755,0,0.368
Rb2MoSbO3Br3,unstable_likely,1.84151,0.86812,92.7666,0,0.333
Cs2MoBiO3Br3,unstable_likely,1.88593,0.82655,89.8783,0,0.35
Cs2GeBiO3Cl3,unstable_likely,2.58926,0.85253,192.427,0,0.107
Rb2ZrWO3S3,unstable_likely,2.16781,0.89586,106.149,0,0.234
Rb2ZrBiO3I3,unstable_likely,2.20453,0.8676,121.058,0,0.219
Cs2NbFeO3Br3,unstable_likely,2.11613,0.86955,101.259,0,0.248
Rb2NbZnO3F3,unstable_likely,3.1713,0.84585,1015.75,0,0.074
Cs2ZrBiO3I3,unstable_likely,2.10724,0.88366,107.473,0,0.263
Cs2SnTaO3F3,unstable_likely,3.45632,0.92931,1768.63,0,0.056
Cs2TaCuO3Br3,unstable_likely,2.04778,0.80196,102.532,0,0.26
Cs2TaFeO3Cl3,unstable_likely,2.20252,0.86008,113.07,0,0.216
Cs2ZrBiO3Cl3,unstable_likely,2.77952,0.89248,282.969,0,0.114
Cs2TaSbO6,unstable_likely,3.50035,0.89056,1476.36,0,0.04
Rb2MoBiO3Br3,unstable_likely,1.84847,0.80171,95.7077,0,0.327
Cs2TiInO3Br3,unstable_likely,2.11819,0.95773,98.0264,0,0.272
Cs2WSbO3Br3,unstable_likely,2.05383,0.80835,104.686,0,0.272
Cs2MoSbO3Br3,unstable_likely,1.97691,0.87735,91.8698,0,0.301
Rb2TiSbO3Cl3,unstable_likely,2.53707,0.88813,184.263,0,0.133
Rb2TaFeO3Cl3,unstable_likely,2.14623,0.84504,116.632,0,0.227
Cs2ZrFeO3Cl3,unstable_likely,2.03802,0.87816,97.2793,0,0.304
Rb2WAgO3Br3,unstable_likely,1.96321,0.79053,95.2477,0,0.282
Rb2TaZnO3F3,unstable_likely,2.96888,0.84448,583.159,0,0.093
Cs2WAgO3Br3,unstable_likely,2.0443,0.82174,98.4439,0,0.252
Rb2TaSbO6,unstable_likely,3.45895,0.85286,1513.53,0,0.028
Rb2ZrFeO3Cl3,unstable_likely,2.03465,0.8769,101.038,0,0.261
Rb2SnInO3Br3,unstable_likely,1.75148,0.9355,84.8182,0,0.399
Rb2TiInO3Br3,unstable_likely,2.09291,0.94539,96.2905,0,0.272
Cs2WBiO3Br3,unstable_likely,1.9775,0.73526,105.088,0,0.263
Rb2ZrSbO3F3,unstable_likely,3.52699,0.9155,2096.59,0,0.039
Rb2SnBiO3I3,unstable_likely,1.64037,0.84834,84.2126,0,0.418
Cs2ZrSbO3F3,unstable_likely,3.89859,0.91708,inf,0,0.032
Rb2TaMnO3Cl3,unstable_likely,2.33405,0.83994,151.064,0,0.181
Rb2WSbO3Br3,unstable_likely,1.99872,0.79043,110.898,0,0.249
Cs2SnBiO3I3,unstable_likely,1.74925,0.8748,81.3645,0,0.45
Rb2NbZnO3Cl3,unstable_likely,2.84686,0.82132,312.548,0,0.051
Cs2TiSbO3Cl3,unstable_likely,2.7558,0.88992,255.397,0,0.122
Cs2TaFeO3Br3,unstable_likely,2.1054,0.84633,109.963,0,0.244
Cs2ZrInO3I3,unstable_likely,2.29081,0.96347,106.121,0,0.228
Rb2ZrCrO3Cl3,unstable_likely,1.99235,0.84758,100.121,0,0.259
Rb2TaCuO3Br3,unstable_likely,2.10246,0.76533,127.007,0,0.224
Rb2SnGaO3Cl3,unstable_likely,2.65865,0.92002,238.223,0,0.127
Cs2GeBiO3I3,unstable_likely,1.97443,0.8508,90.1287,0,0.316
Rb2TiBiO3Br3,unstable_likely,2.09423,0.83324,111.677,0,0.231
Rb2WBiO3Br3,unstable_likely,2.01152,0.71245,116.7,0,0.216
Rb2TaZnO3Cl3,unstable_likely,2.59859,0.82253,234.383,0,0.115
Rb2ZrInO3Cl3,unstable_likely,2.97956,0.95938,314.872,0,0.081
Cs2TaMnO3Cl3,unstable_likely,2.36712,0.84944,131.262,0,0.17
Rb2ZrInO3I3,unstable_likely,2.28371,0.95705,104.413,0,0.213
Cs2TaZnO3Cl3,unstable_likely,2.55075,0.84454,189.623,0,0.127
Cs2NbZnO3Cl3,unstable_likely,2.96212,0.85795,447.897,0,0.058
Cs2NbZnO3F3,unstable_likely,3.46822,0.85887,3142.84,0,0.068
Cs2SnInO3Br3,unstable_likely,2.02361,0.93616,97.9273,0,0.291
Rb2SnNbO3Br3,unstable_likely,2.15271,0.90638,101.576,0,0.245
Cs2ZrCrO3Cl3,unstable_likely,2.02948,0.86628,102.039,0,0.258
Rb2GeBiO3I3,unstable_likely,2.02497,0.8156,99.4717,0,0.244
Cs2ZrInO3Cl3,unstable_likely,3.0398,0.95989,384.62,0,0.069
Rb2TaFeO3Br3,unstable_likely,2.15526,0.82817,110.442,0,0.211
Cs2TiBiO3Br3,unstable_likely,2.2965,0.85474,137.339,0,0.203
Rb2SnBiO3Br3,unstable_likely,1.68512,0.84274,87.6017,0,0.382
Rb2SnSbO3Br3,unstable_likely,1.87863,0.91776,90.6098,0,0.335
Rb2NbZnO3Br3,unstable_likely,2.41551,0.81262,151.922,0,0.127
Cs2SnNbO3Br3,unstable_likely,2.30281,0.91471,120.201,0,0.195
Cs2TaZnO3F3,unstable_likely,3.26319,0.85381,1040.86,0,0.058
Cs2TaMnO3I3,unstable_likely,2.49095,0.83188,155.595,0,0.125
Rb2GeBiO3Br3,unstable_likely,2.07581,0.82314,104.732,0,0.24
Rb2ZrInO3Br3,unstable_likely,2.33936,0.95764,116.474,0,0.189
Rb2TaMnO3Br3,unstable_likely,2.44275,0.80628,175.026,0,0.122
Cs2NbZnO3Br3,unstable_likely,2.48044,0.8267,157.513,0,0.138
Rb2ZrSbO3Cl3,unstable_likely,2.86556,0.91657,362.732,0,0.094
Cs2ZrGaO3Cl3,unstable_likely,3.08842,0.96034,423.853,0,0.078
Cs2SnSbO3Br3,unstable_likely,2.01426,0.92879,92.2287,0,0.302
Rb2ZrBiO3Br3,unstable_likely,2.3035,0.86556,136.355,0,0.187
Cs2SnGaO3Cl3,unstable_likely,3.0966,0.93498,517.641,0,0.065
Cs2TaZnO3Br3,unstable_likely,2.30049,0.80882,132.13,0,0.198
Cs2ZrInO3Br3,unstable_likely,2.41893,0.96544,126.086,0,0.185
Cs2TaMnO3Br3,unstable_likely,2.49636,0.82248,167.459,0,0.121
Cs2ZrSbO3I3,unstable_likely,2.48571,0.9128,140.465,0,0.169
Cs2ZrBiO3Br3,unstable_likely,2.40934,0.88264,154.825,0,0.165
Cs2ZrSbO3Cl3,unstable_likely,3.05515,0.91655,452.136,0,0.069
Cs2GeBiO3Br3,unstable_likely,2.23889,0.85482,114.445,0,0.203
Cs2SnBiO3Br3,unstable_likely,2.00463,0.87306,101.227,0,0.281
Rb2SnTaO3Br3,unstable_likely,2.52892,0.91586,165.501,0,0.136
Rb2ZrSbO3Br3,unstable_likely,2.37911,0.91454,128.448,0,0.208
Rb2TaZnO3Br3,unstable_likely,2.3674,0.80325,154.336,0,0.142
Cs2SnTaO3Br3,unstable_likely,2.61402,0.92665,182.815,0,0.123
Rb2ZrGaO3Cl3,unstable_likely,3.1544,0.964,558.916,0,0.04
Cs2ZrSbO3Br3,unstable_likely,2.5708,0.9091,179.46,0,0.132
Rb2SbZnS3F3,stable_likely,2.66836,0.8521,230.4,0,0.087
Cs2SbAgF6,known_mp,2.2242,0.92322,102.263,0,0.163
Rb2AgGaCl6,known_mp,1.36584,0.66411,90.4938,0,0.444
Rb2FeMnCl6,stable_likely,1.01688,0.51143,inf,0,0.322
Rb2FeCuF6,known_mp,1,0.58333,141.059,0,0.336
Cs2MnGaO3F3,stable_likely,2.47382,0.91379,169.323,0,0.171
Cs2MnInO6,stable_likely,2.17026,0.88648,106.97,0,0.21
Rb2MnSbO6,stable_likely,1.52327,0.70826,88.9594,0,0.416
Cs2MnBiO6,stable_likely,1.36544,0.72319,89.4459,0,0.432
Rb2GeZnF3Cl3,stable_likely,3.41975,0.85341,1218.35,0,0.021
Rb2GeCuF3Cl3,stable_likely,1.16887,0.7002,91.3912,0,0.412
Cs2MnSbO6,stable_likely,1.93894,0.75338,101.477,0,0.266
Cs2MnSbS3F3,stable_likely,1.87021,0.77633,100.971,0,0.31
K2AgGaCl6,known_mp,1.36283,0.68685,85.4306,0.092,0.48
Cs2SbZnS3F3,stable_likely,2.87904,0.85298,309.295,0,0.084
Cs2SbCuO3F3,stable_likely,1.94626,0.61961,133.938,0,0.224
Cs2SbZnO3F3,stable_likely,3.44996,0.82064,4103.98,0,0.027
Cs2MnInO3F3,stable_likely,2.69593,0.89806,217.28,0,0.138
Cs2MnInS3F3,stable_likely,1.9834,0.91416,99.4437,0,0.288
Cs2MnBiO3Se3,unstable_likely,1.57246,0.8361,78.5588,0,0.498
Rb2TiInS3F3,stable_likely,2.67561,0.96138,185.412,0,0.108
Rb2ZrCrO6,unstable_likely,2.57242,0.86624,179.896,0,0.09
Cs2MnBiO3S3,unstable_likely,1.84978,0.82686,89.045,0,0.349
Rb2FeMnO3F3,stable_likely,2.11298,0.81282,118.15,0,0.212
Na2FeAgF6,known_mp,1.74287,0.62385,99.0989,0.051,0.338
Rb2VTaO6,stable_likely,2.59951,0.83023,182.698,0,0.13
Rb2ZrInS3F3,stable_likely,3.16021,0.96741,556.304,0,0.054
Rb2VNbO6,stable_likely,2.8116,0.83613,275.285,0,0.068
Rb2CrAgO3F3,stable_likely,1.94077,0.76488,120.142,0,0.221
Rb2CrAgO3Cl3,stable_likely,1.54987,0.75206,86.5898,0,0.416
Na2MnBiO6,stable_likely,1.04989,0.58137,inf,0.091,0.364
Na2MnSbO6,stable_likely,1.1841,0.69015,84.1921,0.136,0.468
Na2MnSbS3F3,stable_likely,2.10034,0.78684,103.203,0.047,0.269
Na2MnInO6,stable_likely,1.43029,0.81803,77.7509,0.093,0.526
Na2MnInO3F3,stable_likely,2.0441,0.85426,103.538,0.057,0.274
Na2FeMnO3F3,stable_likely,2.16166,0.85424,106.465,0.048,0.275
K2GeMnF6,stable_likely,2.47896,0.85896,146.21,0.014,0.16
K2GeFeF6,stable_likely,2.24149,0.88193,107.298,0.026,0.253
Na2MnBiO3S3,unstable_likely,1.68618,0.66986,104.549,0.071,0.342
Cs2FeMnO3F3,stable_likely,2.58337,0.79855,248.831,0,0.119
Rb2CrAgS3F3,stable_likely,1.57091,0.80182,85.7495,0,0.413
Rb2CrAgS3Cl3,stable_likely,1.23357,0.75156,78.2985,0,0.544
Rb2CrAgSe3F3,unstable_likely,1.48225,0.8357,84.8912,0,0.433
Rb2CrAgO3I3,unstable_likely,1.56137,0.8081,80.9596,0,0.462
Rb2CrAgO3Br3,unstable_likely,1.59167,0.82681,80.2207,0,0.452
Cs2MnCuCl6,stable_likely,1.30491,0.60651,100.749,0,0.408
Rb2MnInS3F3,stable_likely,1.87973,0.91488,90.703,0,0.324
Rb2MnGaO3F3,stable_likely,2.138,0.92099,110.155,0,0.225
Rb2MnBiO6,stable_likely,1.23269,0.61242,148.83,0,0.34
Rb2MnBiO3S3,unstable_likely,1.69253,0.77482,92.2449,0,0.362
Rb2MnBiO3Se3,unstable_likely,1.52126,0.802,83.1271,0,0.446
Rb2MnInO6,stable_likely,1.64662,0.86303,79.7764,0,0.427
Rb2MnCuCl6,stable_likely,1.16115,0.6001,101.492,0,0.414
Rb2SbZnO3F3,stable_likely,3.30173,0.83382,1187.71,0,0.029
Rb2SbAgF6,known_mp,1.93009,0.92979,80.1758,0,0.36
Rb2SbCuO3F3,stable_likely,1.52312,0.63865,91.0879,0,0.39
Rb2SbCuS3F3,stable_likely,1.21537,0.67095,99.1192,0,0.372
Rb2AgGaBr6,known_mp,0.62864,0.54833,inf,0,0.189
Na2TiWO6,stable_likely,1.91327,0.8738,88.6083,0.065,0.368
K2CrAgS3Cl3,unstable_likely,1.31762,0.70642,81.5869,0.11,0.516
K2CrAgS3F3,stable_likely,1.81814,0.75932,94.6884,0.046,0.349
K2CrAgO3Br3,unstable_likely,1.61629,0.79398,81.4146,0.072,0.467
K2CrAgO3I3,unstable_likely,1.54495,0.78709,82.4587,0.095,0.464
K2SbAgF6,known_mp,1.88641,0.92714,77.0604,0.05,0.422
K2SbZnO3F3,stable_likely,3.14581,0.84097,736.911,0.005,0.04
K2MnCuCl6,stable_likely,1.08573,0.52477,inf,0.099,0.361
K2MnInO6,stable_likely,1.62565,0.81494,80.6835,0.085,0.458
K2MnSbO6,stable_likely,1.56401,0.62998,96.8378,0.094,0.405
K2MnBiO3Se3,unstable_likely,1.32327,0.73354,87.858,0.111,0.434
K2MnBiO3S3,unstable_likely,1.51001,0.68177,102.69,0.077,0.368
K2MnBiO6,stable_likely,1.34863,0.50976,inf,0.073,0.309
Cs2AgGaBr6,known_mp,0.66835,0.53646,inf,0,0.231
K2FeMnO3F3,stable_likely,1.78435,0.81083,85.2208,0.08,0.375
K2FeMnCl6,stable_likely,0.99061,0.5185,inf,0.094,0.341
Cs2CrAgO3F3,stable_likely,2.25073,0.74848,176.748,0,0.184
Cs2CrAgO3Cl3,stable_likely,1.56324,0.78283,85.2273,0,0.423
Cs2CrAgO3Br3,unstable_likely,1.63912,0.82966,82.7324,0,0.448
Cs2CrAgO3I3,unstable_likely,1.69356,0.83562,79.9898,0,0.479
Cs2CrAgS3F3,stable_likely,1.58815,0.80106,87.1937,0,0.395
Cs2CrAgS3Cl3,stable_likely,1.12655,0.75329,80.9959,0,0.508
Cs2CrAgS3Br3,stable_likely,1.09894,0.79095,74.0731,0,0.606
Cs2CrAgSe3F3,unstable_likely,1.47477,0.80127,85.4509,0,0.425
Cs2CrAgSe3Cl3,unstable_likely,1.19805,0.81763,73.6672,0,0.599
K2MnInS3F3,stable_likely,1.96409,0.85393,96.427,0.054,0.312
K2MnGaO3F3,stable_likely,2.0541,0.89005,99.045,0.072,0.31
Rb2MnInO3F3,stable_likely,2.14653,0.90402,116.812,0,0.231
K2MnInO3F3,stable_likely,2.10967,0.84009,110.368,0.042,0.257
Cs2AgInF3Cl3,stable_likely,1.53957,0.66942,110.948,0,0.335
K2CrAgSe3F3,unstable_likely,1.44019,0.79762,83.4792,0.081,0.469
K2CrAgO3F3,stable_likely,1.85474,0.74226,103.678,0.039,0.299
K2CrAgO3Cl3,stable_likely,1.69673,0.71365,93.209,0.057,0.383
Cs2CrMnO3F3,stable_likely,2.62966,0.84676,207.265,0,0.138
Na2GeFeF6,stable_likely,2.2056,0.88941,107.521,0.038,0.253
Cs2AgGaCl6,known_mp,1.41033,0.65847,83.9969,0,0.47
K2BiAgF6,known_mp,2.13964,0.92297,89.8703,0.021,0.23
Na2ZrCrO6,unstable_likely,2.49774,0.85677,152.343,0.021,0.152
Na2VNbO6,stable_likely,2.42027,0.821,160.462,0.03,0.183
Na2VTaO6,stable_likely,2.38095,0.86786,130.399,0.028,0.189
Cs2ZrCrO6,unstable_likely,2.77981,0.88214,248.721,0,0.076
K2VTaO6,stable_likely,2.28203,0.8359,114.367,0.027,0.211
K2VNbO6,stable_likely,2.4611,0.83744,149.403,0.031,0.157
K2ZrGaS3F3,stable_likely,3.3093,0.94565,699.402,0.005,0.058
K2ZrInS3F3,stable_likely,3.13726,0.94213,461.182,0.017,0.076
Na2CrAgF6,known_mp,2.14415,0.60895,278.017,0.019,0.183
Cs2ZrInS3F3,stable_likely,3.10292,0.96292,451.279,0,0.062
Na2CrAgO3Cl3,stable_likely,1.62613,0.72525,87.9923,0.069,0.419
Na2CrAgO3F3,stable_likely,1.86629,0.76302,106.205,0.053,0.293
Cs2VNbO6,stable_likely,3.03557,0.84107,545.321,0,0.052
Cs2TiInS3F3,stable_likely,2.73396,0.94751,222.997,0,0.143
Cs2VMnO3F3,stable_likely,3.0131,0.83304,604.347,0,0.1
Cs2VTaO6,stable_likely,2.90752,0.83655,467.066,0,0.079
K2TiInS3F3,stable_likely,2.81004,0.9257,253.105,0.018,0.095
K2ZrCrO6,unstable_likely,2.41304,0.8578,134.315,0.023,0.166
Na2CrAgS3F3,stable_likely,1.85048,0.76774,89.4739,0.053,0.36
Na2AgGaF6,known_mp,1.46159,0.71929,84.3531,0.062,0.456
