eg_eV,sq_pct
0.3,5.54636
0.305,5.54636
0.31,5.54804
0.315,5.76205
0.32,5.97915
0.325,6.19556
0.33,6.41333
0.335,6.63148
0.34,6.85194
0.345,7.07238
0.35,7.29573
0.355,7.51772
0.36,7.7416
0.365,7.97014
0.37,8.20446
0.375,8.44547
0.38,8.68703
0.385,8.93192
0.39,9.1786
0.395,9.41751
0.4,9.6637
0.405,9.91379
0.41,10.1645
0.415,10.4128
0.42,10.6652
0.425,10.9191
0.43,11.1772
0.435,11.4379
0.44,11.6999
0.445,11.9628
0.45,12.2267
0.455,12.4915
0.46,12.7572
0.465,13.0238
0.47,13.2912
0.475,13.5594
0.48,13.8285
0.485,14.0983
0.49,14.3689
0.495,14.6393
0.5,14.9053
0.505,15.1517
0.51,15.3941
0.515,15.6293
0.52,15.8578
0.525,16.0833
0.53,16.3019
0.535,16.5125
0.54,16.7182
0.545,16.9202
0.55,17.1194
0.555,17.3133
0.56,17.5032
0.565,17.6941
0.57,17.8822
0.575,18.0683
0.58,18.2483
0.585,18.427
0.59,18.6049
0.595,18.7855
0.6,18.9778
0.605,19.1824
0.61,19.3642
0.615,19.5684
0.62,19.8045
0.625,19.9993
0.63,20.2044
0.635,20.4469
0.64,20.7014
0.645,20.9631
0.65,21.2264
0.655,21.4902
0.66,21.7543
0.665,22.0188
0.67,22.2837
0.675,22.5489
0.68,22.8141
0.685,23.0772
0.69,23.3256
0.695,23.5373
0.7,23.7215
0.705,23.8803
0.71,24.0272
0.715,24.1712
0.72,24.3071
0.725,24.4342
0.73,24.5544
0.735,24.6705
0.74,24.7849
0.745,24.8965
0.75,25.0019
0.755,25.109
0.76,25.2115
0.765,25.3063
0.77,25.4042
0.775,25.5061
0.78,25.5961
0.785,25.6869
0.79,25.7851
0.795,25.8674
0.8,25.9469
0.805,26.025
0.81,26.1033
0.815,26.1838
0.82,26.2743
0.825,26.3801
0.83,26.4936
0.835,26.6448
0.84,26.826
0.845,27.018
0.85,27.1999
0.855,27.387
0.86,27.5908
0.865,27.8084
0.87,28.0254
0.875,28.2517
0.88,28.4818
0.885,28.7161
0.89,28.9509
0.895,29.186
0.9,29.4212
0.905,29.6566
0.91,29.8922
0.915,30.1279
0.92,30.3604
0.925,30.5439
0.93,30.6917
0.935,30.8297
0.94,30.933
0.945,31.023
0.95,31.0966
0.955,31.162
0.96,31.2123
0.965,31.2538
0.97,31.2984
0.975,31.3427
0.98,31.4077
0.985,31.4568
0.99,31.4898
0.995,31.5175
1,31.5446
1.005,31.5693
1.01,31.5952
1.015,31.626
1.02,31.6558
1.025,31.6933
1.03,31.7338
1.035,31.7789
1.04,31.8112
1.045,31.8537
1.05,31.9018
1.055,31.9384
1.06,31.9813
1.065,32.0344
1.07,32.104
1.075,32.206
1.08,32.3343
1.085,32.4807
1.09,32.596
1.095,32.7542
1.1,32.9023
1.105,33.0667
1.11,33.2182
1.115,33.3323
1.12,33.3895
1.125,33.4314
1.13,33.4604
1.135,33.48
1.14,33.4846
1.145,33.4887
1.15,33.4878
1.155,33.4832
1.16,33.4786
1.165,33.4709
1.17,33.4608
1.175,33.4477
1.18,33.4314
1.185,33.4132
1.19,33.3934
1.195,33.3711
1.2,33.3474
1.205,33.3219
1.21,33.2946
1.215,33.2675
1.22,33.2385
1.225,33.2063
1.23,33.1726
1.235,33.1421
1.24,33.1055
1.245,33.0676
1.25,33.0278
1.255,32.9897
1.26,32.9565
1.265,32.9354
1.27,32.9329
1.275,32.9383
1.28,32.9222
1.285,32.9408
1.29,32.9808
1.295,33.0377
1.3,33.1125
1.305,33.1881
1.31,33.2668
1.315,33.355
1.32,33.4174
1.325,33.523
1.33,33.6327
1.335,33.6888
1.34,33.6789
1.345,33.6593
1.35,33.6374
1.355,33.6371
1.36,33.6372
1.365,33.6339
1.37,33.619
1.375,33.5961
1.38,33.5975
1.385,33.5833
1.39,33.5352
1.395,33.4716
1.4,33.41
1.405,33.3454
1.41,33.2825
1.415,33.2148
1.42,33.1495
1.425,33.0802
1.43,33.0136
1.435,32.9543
1.44,32.8791
1.445,32.805
1.45,32.735
1.455,32.6777
1.46,32.6137
1.465,32.5413
1.47,32.4658
1.475,32.3915
1.48,32.317
1.485,32.2458
1.49,32.1846
1.495,32.1302
1.5,32.0766
1.505,32.0173
1.51,31.9748
1.515,31.9255
1.52,31.8874
1.525,31.8363
1.53,31.7608
1.535,31.6798
1.54,31.5951
1.545,31.5135
1.55,31.4303
1.555,31.3449
1.56,31.2613
1.565,31.1769
1.57,31.0917
1.575,31.0018
1.58,30.907
1.585,30.8116
1.59,30.7158
1.595,30.6188
1.6,30.5213
1.605,30.4242
1.61,30.3286
1.615,30.2423
1.62,30.197
1.625,30.2122
1.63,30.2512
1.635,30.2378
1.64,30.1367
1.645,30.0339
1.65,29.9321
1.655,29.8305
1.66,29.7279
1.665,29.6244
1.67,29.5223
1.675,29.4246
1.68,29.3292
1.685,29.2337
1.69,29.137
1.695,29.0488
1.7,28.9731
1.705,28.9045
1.71,28.8339
1.715,28.7629
1.72,28.6774
1.725,28.6209
1.73,28.5544
1.735,28.4578
1.74,28.3535
1.745,28.2471
1.75,28.1405
1.755,28.0349
1.76,27.9286
1.765,27.8264
1.77,27.7279
1.775,27.6269
1.78,27.5217
1.785,27.423
1.79,27.3278
1.795,27.234
1.8,27.1522
1.805,27.0839
1.81,26.9891
1.815,26.878
1.82,26.765
1.825,26.6519
1.83,26.5383
1.835,26.4245
1.84,26.3112
1.845,26.1978
1.85,26.084
1.855,25.9683
1.86,25.8545
1.865,25.7409
1.87,25.6302
1.875,25.5218
1.88,25.4124
1.885,25.3055
1.89,25.2159
1.895,25.1184
1.9,25.0079
1.905,24.8978
1.91,24.7926
1.915,24.6873
1.92,24.5781
1.925,24.4651
1.93,24.3519
1.935,24.2403
1.94,24.1285
1.945,24.0139
1.95,23.9025
1.955,23.7928
1.96,23.6837
1.965,23.5793
1.97,23.4744
1.975,23.371
1.98,23.2655
1.985,23.1612
1.99,23.0563
1.995,22.9492
2,22.8377
2.005,22.7263
2.01,22.6184
2.015,22.5122
2.02,22.405
2.025,22.2967
2.03,22.1869
2.035,22.0777
2.04,21.9673
2.045,21.8564
2.05,21.7458
2.055,21.6357
2.06,21.5291
2.065,21.4232
2.07,21.316
2.075,21.2096
2.08,21.1021
2.085,20.9977
2.09,20.8939
2.095,20.7904
2.1,20.6883
2.105,20.5956
2.11,20.4954
2.115,20.3858
2.12,20.2759
2.125,20.1635
2.13,20.0512
2.135,19.9419
2.14,19.8351
2.145,19.7311
2.15,19.6268
2.155,19.5229
2.16,19.418
2.165,19.3106
2.17,19.2055
2.175,19.1043
2.18,19.001
2.185,18.8951
2.19,18.7907
2.195,18.6881
2.2,18.5822
2.205,18.4764
2.21,18.3708
2.215,18.2669
2.22,18.1666
2.225,18.0631
2.23,17.9587
2.235,17.8511
2.24,17.7438
2.245,17.6373
2.25,17.5303
2.255,17.4248
2.26,17.3195
2.265,17.2156
2.27,17.1113
2.275,17.0069
2.28,16.9007
2.285,16.7958
2.29,16.6944
2.295,16.5978
2.3,16.4984
2.305,16.3942
2.31,16.291
2.315,16.1855
2.32,16.0806
2.325,15.9818
2.33,15.8828
2.335,15.7749
2.34,15.6691
2.345,15.5644
2.35,15.4645
2.355,15.3727
2.36,15.2749
2.365,15.1711
2.37,15.07
2.375,14.971
2.38,14.8701
2.385,14.7721
2.39,14.6804
2.395,14.5935
2.4,14.5094
2.405,14.4172
2.41,14.3199
2.415,14.2242
2.42,14.1253
2.425,14.0229
2.43,13.9222
2.435,13.822
2.44,13.7231
2.445,13.6257
2.45,13.5246
2.455,13.4229
2.46,13.3282
2.465,13.2338
2.47,13.1382
2.475,13.0453
2.48,12.9506
2.485,12.854
2.49,12.7572
2.495,12.6589
2.5,12.56
2.505,12.4592
2.51,12.3593
2.515,12.2619
2.52,12.1673
2.525,12.0741
2.53,11.9758
2.535,11.8815
2.54,11.7906
2.545,11.7011
2.55,11.6207
2.555,11.5379
2.56,11.4454
2.565,11.349
2.57,11.2511
2.575,11.1523
2.58,11.0535
2.585,10.9554
2.59,10.858
2.595,10.7608
2.6,10.6647
2.605,10.5706
2.61,10.475
2.615,10.3795
2.62,10.2863
2.625,10.1924
2.63,10.0986
2.635,10.0072
2.64,9.91733
2.645,9.82624
2.65,9.73425
2.655,9.64459
2.66,9.55498
2.665,9.46432
2.67,9.37397
2.675,9.28247
2.68,9.18942
2.685,9.09583
2.69,9.00317
2.695,8.91284
2.7,8.82418
2.705,8.73514
2.71,8.6451
2.715,8.55422
2.72,8.46348
2.725,8.37462
2.73,8.28733
2.735,8.20276
2.74,8.1186
2.745,8.03183
2.75,7.94124
2.755,7.85046
2.76,7.76359
2.765,7.67826
2.77,7.59373
2.775,7.51126
2.78,7.43377
2.785,7.35747
2.79,7.27879
2.795,7.19973
2.8,7.12089
2.805,7.04173
2.81,6.96649
2.815,6.89314
2.82,6.82273
2.825,6.75581
2.83,6.69252
2.835,6.6234
2.84,6.55079
2.845,6.47753
2.85,6.40785
2.855,6.34539
2.86,6.28364
2.865,6.22026
2.87,6.15299
2.875,6.09947
2.88,6.05531
2.885,6.01277
2.89,5.96399
2.895,5.90597
2.9,5.84636
2.905,5.78569
2.91,5.72446
2.915,5.66128
2.92,5.59797
2.925,5.53489
2.93,5.47272
2.935,5.40958
2.94,5.3455
2.945,5.28043
2.95,5.2196
2.955,5.1597
2.96,5.10013
2.965,5.03939
2.97,4.97866
2.975,4.91705
2.98,4.85389
2.985,4.79109
2.99,4.72942
2.995,4.66897
3,4.60954
3.005,4.54907
3.01,4.48797
3.015,4.4276
3.02,4.37111
3.025,4.3162
3.03,4.26017
3.035,4.20214
3.04,4.14414
3.045,4.089
3.05,4.03457
3.055,3.98003
3.06,3.92459
3.065,3.8681
3.07,3.81112
3.075,3.75406
3.08,3.69661
3.085,3.63894
3.09,3.58145
3.095,3.52559
3.1,3.47078
3.105,3.41794
3.11,3.36735
3.115,3.32236
3.12,3.29069
3.125,3.26959
3.13,3.24448
3.135,3.20921
3.14,3.17226
3.145,3.1425
3.15,3.12246
3.155,3.1054
3.16,3.07948
3.165,3.04507
3.17,3.0068
3.175,2.96926
3.18,2.93371
3.185,2.90018
3.19,2.87029
3.195,2.84285
3.2,2.81551
3.205,2.78782
3.21,2.76041
3.215,2.7335
3.22,2.70565
3.225,2.67859
3.23,2.65643
3.235,2.6381
3.24,2.61967
3.245,2.5982
3.25,2.57187
3.255,2.54047
3.26,2.5083
3.265,2.47815
3.27,2.44856
3.275,2.4156
3.28,2.37923
3.285,2.34396
3.29,2.31257
3.295,2.2839
3.3,2.25597
3.305,2.22951
3.31,2.20561
3.315,2.18301
3.32,2.16029
3.325,2.13586
3.33,2.10945
3.335,2.08141
3.34,2.05211
3.345,2.02319
3.35,1.9936
3.355,1.96247
3.36,1.93242
3.365,1.90448
3.37,1.87694
3.375,1.84823
3.38,1.8184
3.385,1.78808
3.39,1.75819
3.395,1.73035
3.4,1.70488
3.405,1.68043
3.41,1.65638
3.415,1.63253
3.42,1.60873
3.425,1.58641
3.43,1.56588
3.435,1.54555
3.44,1.52387
3.445,1.50077
3.45,1.47836
3.455,1.45915
3.46,1.44287
3.465,1.42671
3.47,1.40946
3.475,1.39137
3.48,1.37165
3.485,1.35007
3.49,1.3271
3.495,1.30329
3.5,1.27934
3.505,1.25593
3.51,1.23391
3.515,1.2137
3.52,1.19436
3.525,1.17459
3.53,1.15408
3.535,1.13285
3.54,1.11154
3.545,1.09146
3.55,1.07295
3.555,1.05506
3.56,1.03705
3.565,1.01901
3.57,1.0009
3.575,0.982517
3.58,0.96415
3.585,0.946
3.59,0.927946
3.595,0.910622
3.6,0.894799
3.605,0.879377
3.61,0.862354
3.615,0.843603
3.62,0.82447
3.625,0.805872
3.63,0.788019
3.635,0.770546
3.64,0.752626
3.645,0.734165
3.65,0.715928
3.655,0.698334
3.66,0.681255
3.665,0.664632
3.67,0.648734
3.675,0.633857
3.68,0.61991
3.685,0.606194
3.69,0.591771
3.695,0.576009
3.7,0.559424
3.705,0.542885
3.71,0.52704
3.715,0.511921
3.72,0.496995
3.725,0.48173
3.73,0.46606
3.735,0.450353
3.74,0.43502
3.745,0.42033
3.75,0.405513
3.755,0.38977
3.76,0.373246
3.765,0.356821
3.77,0.341453
3.775,0.327559
3.78,0.314794
3.785,0.301819
3.79,0.288136
3.795,0.274055
3.8,0.260023
3.805,0.246691
3.81,0.234686
3.815,0.2242
3.82,0.214458
3.825,0.204783
3.83,0.195539
3.835,0.187052
3.84,0.179321
3.845,0.171975
3.85,0.164486
3.855,0.156668
3.86,0.148472
3.865,0.140083
3.87,0.131887
3.875,0.124326
3.88,0.117552
3.885,0.110799
3.89,0.10417
3.895,0.0978265
3.9,0.0917771
3.905,0.0857814
3.91,0.0798731
3.915,0.0743892
3.92,0.069471
3.925,0.0650987
3.93,0.0611058
3.935,0.0569175
3.94,0.0525711
3.945,0.0483399
3.95,0.0443509
3.955,0.0406451
3.96,0.0371467
3.965,0.0337622
3.97,0.0305298
3.975,0.0274724
3.98,0.024608
3.985,0.0219138
3.99,0.0194337
3.995,0.017257
4,0.0154359
