module_cost,module_m2,module_life,deg,burnin,breakeven_eta,breakeven_reachable_by_sq
low,50,5,0.007,0,0.36,False
low,50,5,0.007,0.05,0.3925,False
low,50,5,0.02,0,0.375,False
low,50,5,0.02,0.05,,False
low,50,5,0.05,0,,False
low,50,5,0.05,0.05,,False
low,50,10,0.007,0,0.265,True
low,50,10,0.007,0.05,0.2875,True
low,50,10,0.02,0,0.2875,True
low,50,10,0.02,0.05,0.3125,True
low,50,10,0.05,0,0.3475,False
low,50,10,0.05,0.05,0.3825,False
low,50,15,0.007,0,0.235,True
low,50,15,0.007,0.05,0.255,True
low,50,15,0.02,0,0.265,True
low,50,15,0.02,0.05,0.29,True
low,50,15,0.05,0,0.3525,False
low,50,15,0.05,0.05,0.39,False
low,50,25,0.007,0,0.215,True
low,50,25,0.007,0.05,0.235,True
low,50,25,0.02,0,0.255,True
low,50,25,0.02,0.05,0.28,True
low,50,25,0.05,0,0.3875,False
low,50,25,0.05,0.05,,False
low,50,35,0.007,0,0.2025,True
low,50,35,0.007,0.05,0.2225,True
low,50,35,0.02,0,0.2575,True
low,50,35,0.02,0.05,0.2825,True
low,50,35,0.05,0,,False
low,50,35,0.05,0.05,,False
med,85,5,0.007,0,,False
med,85,5,0.007,0.05,,False
med,85,5,0.02,0,,False
med,85,5,0.02,0.05,,False
med,85,5,0.05,0,,False
med,85,5,0.05,0.05,,False
med,85,10,0.007,0,0.37,False
med,85,10,0.007,0.05,,False
med,85,10,0.02,0,,False
med,85,10,0.02,0.05,,False
med,85,10,0.05,0,,False
med,85,10,0.05,0.05,,False
med,85,15,0.007,0,0.32,True
med,85,15,0.007,0.05,0.3475,False
med,85,15,0.02,0,0.36,False
med,85,15,0.02,0.05,0.3925,False
med,85,15,0.05,0,,False
med,85,15,0.05,0.05,,False
med,85,25,0.007,0,0.2825,True
med,85,25,0.007,0.05,0.3075,True
med,85,25,0.02,0,0.335,True
med,85,25,0.02,0.05,0.3675,False
med,85,25,0.05,0,,False
med,85,25,0.05,0.05,,False
med,85,35,0.007,0,0.26,True
med,85,35,0.007,0.05,0.2825,True
med,85,35,0.02,0,0.3275,True
med,85,35,0.02,0.05,0.36,False
med,85,35,0.05,0,,False
med,85,35,0.05,0.05,,False
high,335,5,0.007,0,,False
high,335,5,0.007,0.05,,False
high,335,5,0.02,0,,False
high,335,5,0.02,0.05,,False
high,335,5,0.05,0,,False
high,335,5,0.05,0.05,,False
high,335,10,0.007,0,,False
high,335,10,0.007,0.05,,False
high,335,10,0.02,0,,False
high,335,10,0.02,0.05,,False
high,335,10,0.05,0,,False
high,335,10,0.05,0.05,,False
high,335,15,0.007,0,,False
high,335,15,0.007,0.05,,False
high,335,15,0.02,0,,False
high,335,15,0.02,0.05,,False
high,335,15,0.05,0,,False
high,335,15,0.05,0.05,,False
high,335,25,0.007,0,,False
high,335,25,0.007,0.05,,False
high,335,25,0.02,0,,False
high,335,25,0.02,0.05,,False
high,335,25,0.05,0,,False
high,335,25,0.05,0.05,,False
high,335,35,0.007,0,,False
high,335,35,0.007,0.05,,False
high,335,35,0.02,0,,False
high,335,35,0.02,0.05,,False
high,335,35,0.05,0,,False
high,335,35,0.05,0.05,,False
