panel,split,fold,coverage,gap_bin_eV,n,width_median_eV,width_lo_eV,width_hi_eV
a,random,0,0.898968,,,,,
a,random,1,0.901623,,,,,
a,random,2,0.901698,,,,,
a,random,3,0.894887,,,,,
a,random,4,0.901463,,,,,
a,chemsys,0,0.896771,,,,,
a,chemsys,1,0.896126,,,,,
a,chemsys,2,0.894484,,,,,
a,chemsys,3,0.889621,,,,,
a,chemsys,4,0.896649,,,,,
b,,,0.759494,0.1–0.5,9006,1.57653,,
b,,,0.888273,0.5–1,8655,1.64829,,
b,,,0.929356,1–1.5,7743,1.623,,
b,,,0.937174,1.5–2,7083,1.80822,,
b,,,0.926757,2–3,12124,2.0851,,
b,,,0.921037,3–4,8371,2.34089,,
b,,,0.906943,4–6,6899,2.75142,,
b,,,0.90795,6–12,956,3.45798,,
c,,,,,151,,0,0.25
c,,,,,1029,,0.25,0.5
c,,,,,2200,,0.5,0.75
c,,,,,4614,,0.75,1
c,,,,,5191,,1,1.25
c,,,,,5347,,1.25,1.5
c,,,,,5906,,1.5,1.75
c,,,,,6366,,1.75,2
c,,,,,6385,,2,2.25
c,,,,,5366,,2.25,2.5
c,,,,,4206,,2.5,2.75
c,,,,,3369,,2.75,3
c,,,,,2530,,3,3.25
c,,,,,1913,,3.25,3.5
c,,,,,1477,,3.5,3.75
c,,,,,1120,,3.75,4
c,,,,,850,,4,4.25
c,,,,,639,,4.25,4.5
c,,,,,449,,4.5,4.75
c,,,,,389,,4.75,5
c,,,,,284,,5,5.25
c,,,,,215,,5.25,5.5
c,,,,,161,,5.5,5.75
c,,,,,132,,5.75,6
c,,,,,103,,6,6.25
c,,,,,73,,6.25,6.5
c,,,,,67,,6.5,6.75
c,,,,,58,,6.75,7
c,,,,,39,,7,7.25
c,,,,,38,,7.25,7.5
c,,,,,25,,7.5,7.75
c,,,,,20,,7.75,8
note,anion_families=1,,0.892684,,42892,,,
note,anion_families=2,,0.893776,,10026,,,
