Target_Bandgap_eV,ML_MAE_eV,PCE_Current,PCE_Future,Percent_SQ_Current,Percent_SQ_Future,LCOE_Penalty_Current,LCOE_Penalty_Future
0.90000,0.00000,0.10167,0.12337,70.11824,85.08034,0.00000,0.00017
0.95417,0.00000,0.13873,0.16972,69.65295,85.21396,0.00008,0.00002
1.00833,0.00000,0.17495,0.21261,70.09797,85.18440,0.00000,0.00000
1.06250,0.00000,0.19554,0.23721,69.99291,84.90589,0.00026,0.00008
1.11667,0.00000,0.21310,0.25877,69.94502,84.93608,0.00000,0.00002
1.17083,0.00000,0.22382,0.27215,69.97891,85.09272,0.00000,0.00002
1.22500,0.00000,0.23106,0.28011,70.01859,84.88216,0.00014,0.00000
1.27917,0.00000,0.23413,0.28391,70.02834,84.91895,0.00000,0.00005
1.33333,0.00000,0.23584,0.28584,70.01678,84.86153,0.00000,0.00006
1.38750,0.00000,0.23406,0.28461,69.94694,85.05216,0.00017,0.00000
1.44167,0.00000,0.22993,0.27952,69.97521,85.06871,0.00000,0.00000
1.49583,0.00000,0.22548,0.27342,70.12404,85.03293,0.00000,0.00000
1.55000,0.00000,0.21834,0.26479,70.09383,85.00412,0.00000,0.00000
1.60417,0.00000,0.21075,0.25605,69.98800,85.03033,0.00000,0.00004
1.65833,0.00000,0.20295,0.24658,70.04447,85.10112,0.00014,0.00000
1.71250,0.00000,0.19462,0.23638,69.97585,84.99151,0.00000,0.00005
1.76667,0.00000,0.18607,0.22580,70.03948,84.99256,0.00010,0.00000
1.82083,0.00000,0.17724,0.21508,69.99710,84.94347,0.00059,0.00000
1.87500,0.00000,0.16824,0.20489,69.88165,85.10360,0.00000,0.00000
1.92917,0.00000,0.16023,0.19433,70.09695,85.01480,0.00000,0.00000
1.98333,0.00000,0.15250,0.18408,70.38252,84.96087,0.00000,0.00001
2.03750,0.00000,0.14318,0.17402,69.92840,84.99377,0.00032,0.00003
2.09167,0.00000,0.13477,0.16416,69.88787,85.12946,0.00050,0.00000
2.14583,0.00000,0.12661,0.15417,69.80324,85.00246,0.00043,0.00000
2.20000,0.00000,0.11940,0.14464,70.23626,85.08068,0.00000,0.00005
0.90000,0.02500,0.10303,0.12577,71.05686,86.74067,0.00000,0.00000
0.95417,0.02500,0.13929,0.16952,69.93489,85.11595,0.00013,0.00009
1.00833,0.02500,0.17341,0.21045,69.47928,84.32021,0.00106,0.00024
1.06250,0.02500,0.19561,0.23719,70.01819,84.89951,0.00000,0.00001
1.11667,0.02500,0.21276,0.25819,69.83401,84.74468,0.00019,0.00016
1.17083,0.02500,0.22353,0.27131,69.88901,84.82724,0.00000,0.00002
1.22500,0.02500,0.23121,0.28022,70.06438,84.91540,0.00004,0.00004
1.27917,0.02500,0.23385,0.28384,69.94637,84.89614,0.00000,0.00000
1.33333,0.02500,0.23500,0.28568,69.76726,84.81214,0.00024,0.00004
1.38750,0.02500,0.23394,0.28426,69.90974,84.95027,0.00030,0.00005
1.44167,0.02500,0.22997,0.27906,69.98862,84.92685,0.00027,0.00008
1.49583,0.02500,0.22489,0.27202,69.94051,84.59763,0.00021,0.00007
1.55000,0.02500,0.21814,0.26456,70.02859,84.92938,0.00003,0.00004
1.60417,0.02500,0.21069,0.25582,69.96871,84.95566,0.00010,0.00000
1.65833,0.02500,0.20295,0.24614,70.04270,84.95034,0.00041,0.00000
1.71250,0.02500,0.19483,0.23612,70.05278,84.89769,0.00006,0.00003
1.76667,0.02500,0.18546,0.22555,69.81075,84.89820,0.00001,0.00005
1.82083,0.02500,0.17731,0.21551,70.02432,85.11353,0.00000,0.00004
1.87500,0.02500,0.16884,0.20457,70.13165,84.96991,0.00000,0.00006
1.92917,0.02500,0.16000,0.19446,69.99731,85.07188,0.00025,0.00005
1.98333,0.02500,0.15213,0.18404,70.21419,84.93967,0.00012,0.00004
2.03750,0.02500,0.14290,0.17418,69.79152,85.06789,0.00000,0.00000
2.09167,0.02500,0.13450,0.16401,69.75127,85.05341,0.00002,0.00000
2.14583,0.02500,0.12677,0.15446,69.89505,85.16118,0.00019,0.00000
2.20000,0.02500,0.11943,0.14489,70.25145,85.22981,0.00000,0.00000
0.90000,0.05000,0.10322,0.12547,71.18397,86.53355,0.00000,0.00000
0.95417,0.05000,0.13915,0.16990,69.86442,85.30700,0.00049,0.00000
1.00833,0.05000,0.17250,0.20953,69.11377,83.95068,0.00152,0.00051
1.06250,0.05000,0.19425,0.23727,69.53167,84.92972,0.00076,0.00015
1.11667,0.05000,0.21103,0.25736,69.26478,84.47135,0.00085,0.00027
1.17083,0.05000,0.22260,0.27047,69.59911,84.56699,0.00053,0.00017
1.22500,0.05000,0.22933,0.27893,69.49395,84.52526,0.00012,0.00007
1.27917,0.05000,0.23320,0.28313,69.75047,84.68609,0.00016,0.00019
1.33333,0.05000,0.23436,0.28500,69.57662,84.61171,0.00038,0.00003
1.38750,0.05000,0.23327,0.28349,69.70997,84.71835,0.00032,0.00010
1.44167,0.05000,0.22964,0.27879,69.88863,84.84489,0.00000,0.00003
1.49583,0.05000,0.22447,0.27223,69.80977,84.66546,0.00050,0.00001
1.55000,0.05000,0.21729,0.26487,69.75520,85.02953,0.00030,0.00002
1.60417,0.05000,0.21094,0.25534,70.05110,84.79501,0.00017,0.00003
1.65833,0.05000,0.20256,0.24582,69.90728,84.83786,0.00029,0.00003
1.71250,0.05000,0.19440,0.23670,69.89542,85.10726,0.00013,0.00006
1.76667,0.05000,0.18580,0.22620,69.93682,85.14466,0.00000,0.00008
1.82083,0.05000,0.17721,0.21531,69.98413,85.03146,0.00000,0.00000
1.87500,0.05000,0.16911,0.20465,70.24154,85.00561,0.00000,0.00004
1.92917,0.05000,0.16022,0.19440,70.09291,85.04450,0.00000,0.00000
1.98333,0.05000,0.15205,0.18422,70.17922,85.02691,0.00000,0.00000
2.03750,0.05000,0.14317,0.17424,69.92403,85.09827,0.00000,0.00000
2.09167,0.05000,0.13516,0.16403,70.09042,85.06505,0.00013,0.00004
2.14583,0.05000,0.12745,0.15413,70.26640,84.98062,0.00000,0.00006
2.20000,0.05000,0.11855,0.14468,69.73583,85.10670,0.00018,0.00012
0.90000,0.07500,0.10421,0.12546,71.86738,86.52731,0.00000,0.00000
0.95417,0.07500,0.13841,0.16965,69.49419,85.18163,0.00104,0.00000
1.00833,0.07500,0.17165,0.20948,68.77396,83.93043,0.00199,0.00050
1.06250,0.07500,0.19349,0.23603,69.25854,84.48497,0.00129,0.00013
1.11667,0.07500,0.21035,0.25596,69.04173,84.01389,0.00140,0.00036
1.17083,0.07500,0.22196,0.26849,69.40014,83.94834,0.00064,0.00028
1.22500,0.07500,0.22822,0.27738,69.15630,84.05591,0.00095,0.00025
1.27917,0.07500,0.23225,0.28186,69.46527,84.30627,0.00056,0.00018
1.33333,0.07500,0.23307,0.28337,69.19337,84.12885,0.00082,0.00022
1.38750,0.07500,0.23195,0.28187,69.31789,84.23338,0.00077,0.00015
1.44167,0.07500,0.22880,0.27775,69.63351,84.52951,0.00041,0.00007
1.49583,0.07500,0.22408,0.27145,69.68873,84.42143,0.00054,0.00012
1.55000,0.07500,0.21792,0.26423,69.95868,84.82585,0.00023,0.00006
1.60417,0.07500,0.21022,0.25502,69.81270,84.68835,0.00008,0.00008
1.65833,0.07500,0.20277,0.24622,69.98002,84.97731,0.00021,0.00000
1.71250,0.07500,0.19441,0.23641,69.89975,85.00312,0.00039,0.00002
1.76667,0.07500,0.18555,0.22582,69.84358,85.00025,0.00043,0.00009
1.82083,0.07500,0.17741,0.21548,70.06673,85.10078,0.00000,0.00000
1.87500,0.07500,0.16859,0.20492,70.02772,85.11940,0.00002,0.00000
1.92917,0.07500,0.15980,0.19422,69.90886,84.96732,0.00000,0.00005
1.98333,0.07500,0.15149,0.18451,69.91769,85.15854,0.00001,0.00000
2.03750,0.07500,0.14382,0.17386,70.24144,84.91158,0.00005,0.00000
2.09167,0.07500,0.13423,0.16396,69.60928,85.02475,0.00000,0.00004
2.14583,0.07500,0.12716,0.15427,70.11126,85.05451,0.00013,0.00000
2.20000,0.07500,0.11871,0.14455,69.82750,85.03045,0.00002,0.00000
0.90000,0.10000,0.10509,0.12699,72.47570,87.57865,0.00000,0.00000
0.95417,0.10000,0.13997,0.16647,70.27863,83.58106,0.00000,0.00061
1.00833,0.10000,0.17117,0.20887,68.58043,83.68614,0.00260,0.00075
1.06250,0.10000,0.19311,0.23607,69.12286,84.49916,0.00132,0.00051
1.11667,0.10000,0.20887,0.25477,68.55695,83.62244,0.00209,0.00054
1.17083,0.10000,0.21925,0.26752,68.55273,83.64238,0.00167,0.00042
1.22500,0.10000,0.22623,0.27589,68.55583,83.60210,0.00178,0.00043
1.27917,0.10000,0.22986,0.27936,68.75101,83.55832,0.00140,0.00038
1.33333,0.10000,0.23099,0.28131,68.57803,83.51593,0.00130,0.00035
1.38750,0.10000,0.23054,0.28030,68.89604,83.76582,0.00125,0.00028
1.44167,0.10000,0.22805,0.27615,69.40485,84.04278,0.00069,0.00033
1.49583,0.10000,0.22294,0.27126,69.33489,84.36177,0.00083,0.00011
1.55000,0.10000,0.21718,0.26380,69.71980,84.68836,0.00032,0.00010
1.60417,0.10000,0.20968,0.25534,69.63235,84.79373,0.00042,0.00004
1.65833,0.10000,0.20230,0.24544,69.81821,84.70695,0.00032,0.00012
1.71250,0.10000,0.19423,0.23585,69.83711,84.79918,0.00028,0.00007
1.76667,0.10000,0.18530,0.22542,69.74945,84.85221,0.00031,0.00007
1.82083,0.10000,0.17723,0.21537,69.99438,85.05711,0.00035,0.00000
1.87500,0.10000,0.16848,0.20496,69.97936,85.13332,0.00000,0.00000
1.92917,0.10000,0.15978,0.19486,69.89909,85.24527,0.00000,0.00000
1.98333,0.10000,0.15231,0.18376,70.29472,84.81129,0.00000,0.00006
2.03750,0.10000,0.14288,0.17380,69.78080,84.88614,0.00025,0.00009
2.09167,0.10000,0.13546,0.16388,70.24938,84.98475,0.00000,0.00006
2.14583,0.10000,0.12683,0.15454,69.92529,85.20266,0.00017,0.00003
2.20000,0.10000,0.11912,0.14469,70.06792,85.10973,0.00000,0.00000
0.90000,0.12500,0.10473,0.12540,72.23037,86.47957,0.00000,0.00000
0.95417,0.12500,0.13908,0.16803,69.83281,84.36410,0.00014,0.00032
1.00833,0.12500,0.17097,0.20633,68.50061,82.66838,0.00297,0.00087
1.06250,0.12500,0.19276,0.23684,68.99597,84.77439,0.00164,0.00043
1.11667,0.12500,0.20884,0.25438,68.54735,83.49328,0.00258,0.00071
1.17083,0.12500,0.21837,0.26593,68.27663,83.14717,0.00207,0.00064
1.22500,0.12500,0.22499,0.27307,68.17955,82.74811,0.00213,0.00072
1.27917,0.12500,0.22814,0.27764,68.23871,83.04328,0.00197,0.00058
1.33333,0.12500,0.22977,0.27888,68.21578,82.79322,0.00189,0.00058
1.38750,0.12500,0.22852,0.27802,68.29136,83.08256,0.00186,0.00049
1.44167,0.12500,0.22619,0.27533,68.83642,83.79364,0.00119,0.00034
1.49583,0.12500,0.22249,0.26971,69.19549,83.87888,0.00112,0.00036
1.55000,0.12500,0.21644,0.26410,69.48262,84.78393,0.00084,0.00012
1.60417,0.12500,0.20968,0.25490,69.63138,84.64940,0.00058,0.00008
1.65833,0.12500,0.20252,0.24517,69.89337,84.61331,0.00043,0.00011
1.71250,0.12500,0.19428,0.23627,69.85509,84.94969,0.00020,0.00010
1.76667,0.12500,0.18545,0.22512,69.80574,84.73929,0.00033,0.00011
1.82083,0.12500,0.17728,0.21474,70.01502,84.80723,0.00029,0.00010
1.87500,0.12500,0.16874,0.20484,70.09005,85.08216,0.00000,0.00000
1.92917,0.12500,0.15988,0.19426,69.94266,84.98254,0.00000,0.00000
1.98333,0.12500,0.15165,0.18456,69.99081,85.18317,0.00057,0.00000
2.03750,0.12500,0.14313,0.17379,69.90534,84.87997,0.00000,0.00010
2.09167,0.12500,0.13572,0.16499,70.37999,85.55998,0.00000,0.00000
2.14583,0.12500,0.12781,0.15459,70.46944,85.23178,0.00000,0.00000
2.20000,0.12500,0.11935,0.14475,70.20723,85.14910,0.00000,0.00000
0.90000,0.15000,0.10361,0.12781,71.45409,88.14524,0.00000,0.00000
0.95417,0.15000,0.13967,0.17013,70.12641,85.42319,0.00000,0.00000
1.00833,0.15000,0.17298,0.20776,69.30631,83.24379,0.00182,0.00063
1.06250,0.15000,0.19198,0.23520,68.71621,84.18811,0.00233,0.00056
1.11667,0.15000,0.20722,0.25305,68.01588,83.05933,0.00309,0.00084
1.17083,0.15000,0.21644,0.26473,67.67161,82.77162,0.00294,0.00090
1.22500,0.15000,0.22247,0.27192,67.41533,82.40146,0.00318,0.00082
1.27917,0.15000,0.22606,0.27506,67.61572,82.26981,0.00276,0.00079
1.33333,0.15000,0.22707,0.27649,67.41210,82.08647,0.00290,0.00077
1.38750,0.15000,0.22729,0.27593,67.92511,82.45897,0.00229,0.00067
1.44167,0.15000,0.22462,0.27307,68.36053,83.10449,0.00139,0.00047
1.49583,0.15000,0.22130,0.26893,68.82469,83.63844,0.00161,0.00041
1.55000,0.15000,0.21531,0.26276,69.12017,84.35154,0.00103,0.00018
1.60417,0.15000,0.20894,0.25484,69.38695,84.62946,0.00087,0.00020
1.65833,0.15000,0.20209,0.24588,69.74603,84.85897,0.00050,0.00013
1.71250,0.15000,0.19500,0.23572,70.11124,84.75159,0.00025,0.00000
1.76667,0.15000,0.18522,0.22528,69.71789,84.79765,0.00061,0.00011
1.82083,0.15000,0.17760,0.21540,70.14056,85.06731,0.00000,0.00007
1.87500,0.15000,0.16904,0.20519,70.21400,85.22858,0.00008,0.00000
1.92917,0.15000,0.16040,0.19470,70.17098,85.17862,0.00026,0.00000
1.98333,0.15000,0.15195,0.18399,70.13080,84.91786,0.00000,0.00004
2.03750,0.15000,0.14373,0.17404,70.19764,85.00194,0.00012,0.00001
2.09167,0.15000,0.13517,0.16372,70.09569,84.90054,0.00022,0.00000
2.14583,0.15000,0.12690,0.15455,69.96710,85.21121,0.00021,0.00000
2.20000,0.15000,0.11963,0.14436,70.36829,84.91964,0.00000,0.00000
0.90000,0.17500,0.10411,0.12689,71.79728,87.51341,0.00000,0.00000
0.95417,0.17500,0.13898,0.17096,69.78235,85.83876,0.00033,0.00000
1.00833,0.17500,0.17028,0.20740,68.22480,83.09940,0.00312,0.00093
1.06250,0.17500,0.19172,0.23506,68.62416,84.13877,0.00281,0.00067
1.11667,0.17500,0.20726,0.25278,68.02958,82.96919,0.00300,0.00097
1.17083,0.17500,0.21584,0.26293,67.48461,82.20847,0.00339,0.00101
1.22500,0.17500,0.22107,0.26925,66.99053,81.59116,0.00358,0.00099
1.27917,0.17500,0.22358,0.27225,66.87455,81.43167,0.00379,0.00096
1.33333,0.17500,0.22486,0.27393,66.75788,81.32654,0.00365,0.00099
1.38750,0.17500,0.22538,0.27319,67.35296,81.64174,0.00308,0.00095
1.44167,0.17500,0.22272,0.27180,67.78242,82.71894,0.00259,0.00068
1.49583,0.17500,0.21984,0.26684,68.37022,82.98738,0.00191,0.00052
1.55000,0.17500,0.21496,0.26150,69.00699,83.94851,0.00122,0.00034
1.60417,0.17500,0.20922,0.25444,69.47837,84.49695,0.00067,0.00024
1.65833,0.17500,0.20149,0.24549,69.53774,84.72492,0.00049,0.00021
1.71250,0.17500,0.19361,0.23569,69.61094,84.74137,0.00060,0.00007
1.76667,0.17500,0.18530,0.22584,69.74845,85.00980,0.00026,0.00009
1.82083,0.17500,0.17754,0.21521,70.11471,84.99351,0.00000,0.00009
1.87500,0.17500,0.16907,0.20483,70.22442,85.08075,0.00000,0.00000
1.92917,0.17500,0.16014,0.19443,70.05740,85.05961,0.00001,0.00000
1.98333,0.17500,0.15145,0.18395,69.89817,84.89794,0.00000,0.00005
2.03750,0.17500,0.14377,0.17388,70.21656,84.92175,0.00000,0.00005
2.09167,0.17500,0.13476,0.16417,69.88298,85.13478,0.00006,0.00000
2.14583,0.17500,0.12691,0.15384,69.97256,84.81993,0.00000,0.00017
2.20000,0.17500,0.11897,0.14478,69.98117,85.16574,0.00087,0.00011
0.90000,0.20000,0.10374,0.12840,71.54823,88.54832,0.00000,0.00000
0.95417,0.20000,0.13871,0.16765,69.64641,84.17634,0.00123,0.00025
1.00833,0.20000,0.16778,0.20796,67.22540,83.32265,0.00478,0.00064
1.06250,0.20000,0.19189,0.23439,68.68409,83.89965,0.00263,0.00076
1.11667,0.20000,0.20536,0.25116,67.40628,82.43758,0.00375,0.00108
1.17083,0.20000,0.21350,0.26144,66.75440,81.74186,0.00459,0.00112
1.22500,0.20000,0.21823,0.26693,66.13112,80.88899,0.00465,0.00129
1.27917,0.20000,0.22134,0.27024,66.20379,80.82806,0.00432,0.00112
1.33333,0.20000,0.22317,0.27095,66.25645,80.44174,0.00405,0.00121
1.38750,0.20000,0.22269,0.27088,66.54968,80.94990,0.00393,0.00112
1.44167,0.20000,0.22047,0.26849,67.09791,81.71026,0.00321,0.00102
1.49583,0.20000,0.21771,0.26560,67.70940,82.60110,0.00284,0.00074
1.55000,0.20000,0.21358,0.26003,68.56660,83.47561,0.00192,0.00055
1.60417,0.20000,0.20809,0.25302,69.10437,84.02514,0.00117,0.00029
1.65833,0.20000,0.20109,0.24590,69.40043,84.86466,0.00115,0.00006
1.71250,0.20000,0.19441,0.23561,69.90059,84.71367,0.00020,0.00012
1.76667,0.20000,0.18621,0.22494,70.09256,84.66911,0.00000,0.00020
1.82083,0.20000,0.17680,0.21553,69.82570,85.12119,0.00004,0.00007
1.87500,0.20000,0.16869,0.20552,70.06720,85.36758,0.00004,0.00000
1.92917,0.20000,0.16105,0.19451,70.45770,85.09324,0.00000,0.00006
1.98333,0.20000,0.15171,0.18457,70.02158,85.18622,0.00000,0.00000
2.03750,0.20000,0.14412,0.17412,70.39050,85.03968,0.00000,0.00012
2.09167,0.20000,0.13575,0.16389,70.39812,84.99125,0.00000,0.00019
2.14583,0.20000,0.12741,0.15310,70.24673,84.40884,0.00000,0.00018
2.20000,0.20000,0.11962,0.14545,70.36665,85.55912,0.00000,0.00000
0.90000,0.22500,0.10564,0.12393,72.85403,85.46990,0.00000,0.00000
0.95417,0.22500,0.14004,0.16858,70.31273,84.64065,0.00000,0.00023
1.00833,0.22500,0.16833,0.20935,67.44315,83.87864,0.00390,0.00064
1.06250,0.22500,0.19440,0.23210,69.58303,83.07783,0.00207,0.00088
1.11667,0.22500,0.20348,0.24990,66.78620,82.02300,0.00467,0.00114
1.17083,0.22500,0.21059,0.25936,65.84453,81.09213,0.00545,0.00138
1.22500,0.22500,0.21721,0.26386,65.82060,79.95650,0.00542,0.00154
1.27917,0.22500,0.21938,0.26715,65.61641,79.90671,0.00517,0.00154
1.33333,0.22500,0.22071,0.26843,65.52551,79.69218,0.00508,0.00148
1.38750,0.22500,0.22018,0.26800,65.80014,80.08852,0.00493,0.00128
1.44167,0.22500,0.21862,0.26695,66.53489,81.24275,0.00410,0.00109
1.49583,0.22500,0.21617,0.26384,67.22885,82.05613,0.00298,0.00091
1.55000,0.22500,0.21234,0.25915,68.16536,83.19331,0.00275,0.00063
1.60417,0.22500,0.20750,0.25174,68.90701,83.59881,0.00179,0.00050
1.65833,0.22500,0.20055,0.24478,69.21325,84.48086,0.00083,0.00040
1.71250,0.22500,0.19396,0.23627,69.73987,84.95253,0.00050,0.00021
1.76667,0.22500,0.18491,0.22618,69.60160,85.13744,0.00049,0.00008
1.82083,0.22500,0.17690,0.21557,69.86238,85.13540,0.00029,0.00000
1.87500,0.22500,0.16894,0.20466,70.17033,85.00812,0.00000,0.00006
1.92917,0.22500,0.15963,0.19416,69.83303,84.94216,0.00066,0.00012
1.98333,0.22500,0.15226,0.18551,70.27480,85.62153,0.00000,0.00000
2.03750,0.22500,0.14340,0.17389,70.03474,84.92877,0.00032,0.00003
2.09167,0.22500,0.13620,0.16461,70.62902,85.36156,0.00000,0.00000
2.14583,0.22500,0.12773,0.15450,70.42197,85.18085,0.00000,0.00000
2.20000,0.22500,0.12000,0.14518,70.58971,85.40131,0.00000,0.00000
0.90000,0.25000,0.10370,0.12068,71.51473,83.23013,0.00000,0.00073
0.95417,0.25000,0.13890,0.16754,69.74194,84.11891,0.00000,0.00059
1.00833,0.25000,0.16994,0.20997,68.09100,84.12996,0.00399,0.00073
1.06250,0.25000,0.18881,0.23379,67.58167,83.68448,0.00408,0.00072
1.11667,0.25000,0.20167,0.24681,66.19289,81.00998,0.00533,0.00154
1.17083,0.25000,0.20944,0.25512,65.48421,79.76605,0.00618,0.00172
1.22500,0.25000,0.21434,0.26045,64.95290,78.92441,0.00616,0.00183
1.27917,0.25000,0.21746,0.26412,65.04406,78.99918,0.00623,0.00186
1.33333,0.25000,0.21801,0.26518,64.72236,78.72798,0.00645,0.00178
1.38750,0.25000,0.21760,0.26622,65.02912,79.55635,0.00568,0.00148
1.44167,0.25000,0.21716,0.26431,66.09022,80.44077,0.00471,0.00139
1.49583,0.25000,0.21419,0.26166,66.61403,81.37588,0.00412,0.00113
1.55000,0.25000,0.21102,0.25728,67.74320,82.59309,0.00293,0.00079
1.60417,0.25000,0.20555,0.25048,68.25921,83.18289,0.00218,0.00070
1.65833,0.25000,0.19994,0.24271,69.00424,83.76367,0.00126,0.00042
1.71250,0.25000,0.19302,0.23471,69.40038,84.39145,0.00080,0.00027
1.76667,0.25000,0.18515,0.22508,69.69221,84.72391,0.00079,0.00010
1.82083,0.25000,0.17620,0.21487,69.58499,84.85937,0.00089,0.00017
1.87500,0.25000,0.16841,0.20609,69.95110,85.60471,0.00000,0.00000
1.92917,0.25000,0.16010,0.19534,70.03918,85.45712,0.00000,0.00000
1.98333,0.25000,0.15204,0.18289,70.17369,84.40928,0.00000,0.00034
2.03750,0.25000,0.14298,0.17349,69.83366,84.73039,0.00000,0.00011
2.09167,0.25000,0.13512,0.16581,70.07167,85.98845,0.00000,0.00000
2.14583,0.25000,0.12752,0.15497,70.30954,85.43993,0.00000,0.00000
2.20000,0.25000,0.11971,0.14567,70.41881,85.68988,0.00000,0.00000
0.90000,0.27500,0.10822,0.12744,74.63381,87.88942,0.00000,0.00000
0.95417,0.27500,0.13516,0.16373,67.86415,82.20536,0.00390,0.00114
1.00833,0.27500,0.17069,0.21022,68.39031,84.22922,0.00336,0.00052
1.06250,0.27500,0.18791,0.23272,67.25946,83.30082,0.00477,0.00094
1.11667,0.27500,0.20094,0.24677,65.95293,80.99544,0.00593,0.00157
1.17083,0.27500,0.20676,0.25308,64.64551,79.12982,0.00705,0.00203
1.22500,0.27500,0.21132,0.25785,64.03767,78.13524,0.00751,0.00196
1.27917,0.27500,0.21440,0.26162,64.12813,78.25008,0.00727,0.00193
1.33333,0.27500,0.21491,0.26278,63.80364,78.01337,0.00731,0.00205
1.38750,0.27500,0.21527,0.26318,64.33165,78.64983,0.00648,0.00191
1.44167,0.27500,0.21430,0.26131,65.21822,79.52604,0.00562,0.00157
1.49583,0.27500,0.21218,0.25825,65.98740,80.31543,0.00482,0.00140
1.55000,0.27500,0.20935,0.25521,67.20759,81.92897,0.00382,0.00109
1.60417,0.27500,0.20540,0.25038,68.21026,83.14790,0.00280,0.00066
1.65833,0.27500,0.19866,0.24221,68.56096,83.59251,0.00203,0.00053
1.71250,0.27500,0.19263,0.23322,69.26080,83.85342,0.00122,0.00043
1.76667,0.27500,0.18416,0.22466,69.31983,84.56394,0.00098,0.00018
1.82083,0.27500,0.17745,0.21377,70.08119,84.42507,0.00000,0.00019
1.87500,0.27500,0.16888,0.20480,70.14592,85.06884,0.00000,0.00000
1.92917,0.27500,0.15977,0.19468,69.89676,85.16634,0.00026,0.00003
1.98333,0.27500,0.15261,0.18455,70.43545,85.17659,0.00000,0.00000
2.03750,0.27500,0.14266,0.17411,69.67611,85.03619,0.00000,0.00000
2.09167,0.27500,0.13596,0.16439,70.50537,85.24924,0.00000,0.00000
2.14583,0.27500,0.12692,0.15415,69.97659,84.98873,0.00024,0.00000
2.20000,0.27500,0.11895,0.14449,69.97062,84.99472,0.00000,0.00000
0.90000,0.30000,0.10385,0.12515,71.62120,86.30980,0.00000,0.00000
0.95417,0.30000,0.13761,0.16758,69.09210,84.14111,0.00111,0.00019
1.00833,0.30000,0.16935,0.20535,67.85347,82.27591,0.00433,0.00102
1.06250,0.30000,0.18809,0.22855,67.32431,81.80734,0.00412,0.00135
1.11667,0.30000,0.19905,0.24311,65.33471,79.79700,0.00657,0.00186
1.17083,0.30000,0.20508,0.25174,64.11938,78.70986,0.00801,0.00206
1.22500,0.30000,0.20913,0.25557,63.37161,77.44683,0.00831,0.00230
1.27917,0.30000,0.21163,0.25770,63.29911,77.07916,0.00821,0.00241
1.33333,0.30000,0.21227,0.26015,63.01912,77.23376,0.00818,0.00221
1.38750,0.30000,0.21287,0.25947,63.61595,77.54183,0.00783,0.00209
1.44167,0.30000,0.21240,0.25860,64.64100,78.70206,0.00659,0.00184
1.49583,0.30000,0.21015,0.25710,65.35637,79.95993,0.00601,0.00156
1.55000,0.30000,0.20645,0.25253,66.27513,81.06935,0.00487,0.00130
1.60417,0.30000,0.20221,0.24795,67.15280,82.34235,0.00382,0.00088
1.65833,0.30000,0.19847,0.24148,68.49698,83.34098,0.00255,0.00066
1.71250,0.30000,0.19188,0.23422,68.99075,84.21481,0.00168,0.00038
1.76667,0.30000,0.18385,0.22383,69.20216,84.25120,0.00142,0.00028
1.82083,0.30000,0.17682,0.21535,69.83096,85.04800,0.00061,0.00004
1.87500,0.30000,0.16854,0.20455,70.00799,84.96350,0.00070,0.00008
1.92917,0.30000,0.16080,0.19395,70.34735,84.84682,0.00000,0.00005
1.98333,0.30000,0.15124,0.18425,69.80213,85.03879,0.00042,0.00000
2.03750,0.30000,0.14351,0.17358,70.09014,84.77853,0.00000,0.00009
2.09167,0.30000,0.13602,0.16369,70.53648,84.88626,0.00000,0.00005
2.14583,0.30000,0.12881,0.15440,71.01820,85.12749,0.00000,0.00000
2.20000,0.30000,0.11933,0.14450,70.19228,85.00220,0.00002,0.00000
0.90000,0.32500,0.10181,0.12716,70.21521,87.69544,0.00000,0.00000
0.95417,0.32500,0.13614,0.17033,68.35260,85.52216,0.00327,0.00000
1.00833,0.32500,0.16804,0.20699,67.32640,82.93453,0.00498,0.00088
1.06250,0.32500,0.18513,0.22760,66.26618,81.46798,0.00566,0.00148
1.11667,0.32500,0.19666,0.23920,64.55030,78.51267,0.00776,0.00208
1.17083,0.32500,0.20252,0.24826,63.31951,77.62101,0.00892,0.00236
1.22500,0.32500,0.20613,0.25310,62.46296,76.69777,0.00955,0.00259
1.27917,0.32500,0.20891,0.25566,62.48675,76.46851,0.00938,0.00249
1.33333,0.32500,0.20943,0.25632,62.17728,76.09651,0.00946,0.00265
1.38750,0.32500,0.21098,0.25604,63.04829,76.51596,0.00848,0.00247
1.44167,0.32500,0.20951,0.25632,63.76101,78.00785,0.00752,0.00209
1.49583,0.32500,0.20756,0.25316,64.55000,78.73167,0.00693,0.00182
1.55000,0.32500,0.20524,0.25029,65.88626,80.34950,0.00547,0.00139
1.60417,0.32500,0.20161,0.24600,66.95318,81.69263,0.00399,0.00119
1.65833,0.32500,0.19603,0.23940,67.65421,82.62397,0.00322,0.00085
1.71250,0.32500,0.19160,0.23190,68.89005,83.38027,0.00235,0.00041
1.76667,0.32500,0.18344,0.22438,69.04970,84.45897,0.00149,0.00021
1.82083,0.32500,0.17630,0.21360,69.62724,84.35562,0.00096,0.00024
1.87500,0.32500,0.16852,0.20533,69.99922,85.28671,0.00010,0.00000
1.92917,0.32500,0.15881,0.19478,69.47551,85.21147,0.00074,0.00000
1.98333,0.32500,0.15105,0.18401,69.71507,84.92772,0.00069,0.00000
2.03750,0.32500,0.14417,0.17333,70.41123,84.65254,0.00000,0.00000
2.09167,0.32500,0.13512,0.16455,70.06970,85.33316,0.00000,0.00000
2.14583,0.32500,0.12682,0.15522,69.92322,85.57930,0.00000,0.00000
2.20000,0.32500,0.12056,0.14578,70.91583,85.75326,0.00000,0.00000
0.90000,0.35000,0.10509,0.12864,72.47477,88.71763,0.00000,0.00000
0.95417,0.35000,0.13804,0.17511,69.30868,87.92252,0.00086,0.00000
1.00833,0.35000,0.16922,0.19949,67.79941,79.92727,0.00400,0.00187
1.06250,0.35000,0.18490,0.22618,66.18409,80.95862,0.00629,0.00167
1.11667,0.35000,0.19322,0.23735,63.41957,77.90484,0.00900,0.00236
1.17083,0.35000,0.20036,0.24526,62.64617,76.68409,0.00964,0.00270
1.22500,0.35000,0.20355,0.24858,61.68282,75.32580,0.01077,0.00304
1.27917,0.35000,0.20641,0.25271,61.73697,75.58507,0.00986,0.00283
1.33333,0.35000,0.20774,0.25315,61.67302,75.15573,0.01041,0.00282
1.38750,0.35000,0.20759,0.25345,62.03651,75.74106,0.00943,0.00268
1.44167,0.35000,0.20733,0.25337,63.09689,77.11129,0.00862,0.00234
1.49583,0.35000,0.20559,0.25033,63.94005,77.85334,0.00770,0.00214
1.55000,0.35000,0.20271,0.24774,65.07592,79.53285,0.00605,0.00168
1.60417,0.35000,0.20017,0.24350,66.47286,80.86435,0.00450,0.00132
1.65833,0.35000,0.19513,0.23698,67.34518,81.78629,0.00381,0.00105
1.71250,0.35000,0.18949,0.22896,68.13278,82.32146,0.00285,0.00094
1.76667,0.35000,0.18327,0.22249,68.98328,83.74626,0.00161,0.00064
1.82083,0.35000,0.17543,0.21533,69.28194,85.04241,0.00148,0.00008
1.87500,0.35000,0.16890,0.20222,70.15458,83.99465,0.00000,0.00033
1.92917,0.35000,0.16030,0.19344,70.12712,84.62698,0.00000,0.00016
1.98333,0.35000,0.15192,0.18389,70.11655,84.87397,0.00025,0.00018
2.03750,0.35000,0.14478,0.17549,70.71076,85.70755,0.00000,0.00000
2.09167,0.35000,0.13539,0.16531,70.21185,85.72730,0.00000,0.00000
2.14583,0.35000,0.12738,0.15626,70.23048,86.15169,0.00000,0.00000
2.20000,0.35000,0.12039,0.14574,70.81743,85.73123,0.00000,0.00000
0.90000,0.37500,0.10703,0.12173,73.81439,83.94882,0.00000,0.00074
0.95417,0.37500,0.13996,0.16655,70.27442,83.62448,0.00065,0.00073
1.00833,0.37500,0.16411,0.19915,65.75251,79.79150,0.00671,0.00199
1.06250,0.37500,0.18193,0.22374,65.12086,80.08717,0.00704,0.00173
1.11667,0.37500,0.18935,0.23418,62.15085,76.86465,0.01048,0.00278
1.17083,0.37500,0.19545,0.24119,61.11038,75.41081,0.01149,0.00304
1.22500,0.37500,0.20036,0.24601,60.71501,74.54799,0.01163,0.00321
1.27917,0.37500,0.20339,0.24916,60.83525,74.52473,0.01164,0.00314
1.33333,0.37500,0.20501,0.24975,60.86460,74.14537,0.01151,0.00330
1.38750,0.37500,0.20394,0.24943,60.94485,74.53983,0.01114,0.00305
1.44167,0.37500,0.20368,0.24954,61.98772,75.94369,0.01045,0.00274
1.49583,0.37500,0.20258,0.24711,63.00419,76.85194,0.00887,0.00245
1.55000,0.37500,0.20040,0.24409,64.33322,78.36062,0.00734,0.00197
1.60417,0.37500,0.19712,0.24039,65.45956,79.83088,0.00602,0.00171
1.65833,0.37500,0.19270,0.23477,66.50654,81.02548,0.00471,0.00130
1.71250,0.37500,0.18822,0.22797,67.67598,81.96690,0.00356,0.00102
1.76667,0.37500,0.18254,0.22020,68.70940,82.88566,0.00177,0.00081
1.82083,0.37500,0.17439,0.21174,68.87303,83.62413,0.00192,0.00061
1.87500,0.37500,0.16622,0.20243,69.04349,84.08103,0.00151,0.00024
1.92917,0.37500,0.15914,0.19303,69.62089,84.44409,0.00022,0.00033
1.98333,0.37500,0.14992,0.18339,69.19544,84.64316,0.00095,0.00016
2.03750,0.37500,0.14326,0.17385,69.96701,84.90971,0.00000,0.00015
2.09167,0.37500,0.13568,0.16418,70.36029,85.14323,0.00000,0.00000
2.14583,0.37500,0.12718,0.15308,70.11775,84.39898,0.00030,0.00044
2.20000,0.37500,0.11957,0.14397,70.33496,84.68580,0.00000,0.00015
0.90000,0.40000,0.10472,0.12680,72.22138,87.44702,0.00000,0.00000
0.95417,0.40000,0.14088,0.16569,70.73568,83.19002,0.00000,0.00064
1.00833,0.40000,0.16016,0.20171,64.16907,80.82045,0.00905,0.00171
1.06250,0.40000,0.17900,0.21810,64.07024,78.06786,0.00940,0.00247
1.11667,0.40000,0.18827,0.23023,61.79658,75.56803,0.01134,0.00312
1.17083,0.40000,0.19463,0.23551,60.85387,73.63446,0.01177,0.00366
1.22500,0.40000,0.19844,0.24158,60.13439,73.20513,0.01275,0.00367
1.27917,0.40000,0.19974,0.24520,59.74192,73.34041,0.01308,0.00359
1.33333,0.40000,0.20152,0.24678,59.82772,73.26542,0.01265,0.00351
1.38750,0.40000,0.20166,0.24782,60.26570,74.05804,0.01224,0.00316
1.44167,0.40000,0.20228,0.24495,61.56190,74.54620,0.01104,0.00312
1.49583,0.40000,0.20002,0.24434,62.20664,75.99113,0.00980,0.00274
1.55000,0.40000,0.19833,0.24105,63.66923,77.38397,0.00829,0.00235
1.60417,0.40000,0.19486,0.23775,64.71059,78.95361,0.00681,0.00203
1.65833,0.40000,0.18960,0.23404,65.43717,80.77456,0.00587,0.00128
1.71250,0.40000,0.18544,0.22656,66.67556,81.46081,0.00454,0.00124
1.76667,0.40000,0.18133,0.22049,68.25429,82.99678,0.00275,0.00060
1.82083,0.40000,0.17304,0.21136,68.34014,83.47260,0.00263,0.00040
1.87500,0.40000,0.16696,0.20252,69.35168,84.12126,0.00155,0.00038
1.92917,0.40000,0.15851,0.19215,69.34430,84.06219,0.00125,0.00020
1.98333,0.40000,0.15026,0.18269,69.35010,84.31794,0.00109,0.00023
2.03750,0.40000,0.14387,0.17438,70.26665,85.16577,0.00000,0.00000
2.09167,0.40000,0.13608,0.16400,70.56858,85.04552,0.00000,0.00013
2.14583,0.40000,0.12709,0.15413,70.07127,84.97681,0.00000,0.00000
2.20000,0.40000,0.11895,0.14367,69.97333,84.51109,0.00049,0.00007
0.90000,0.42500,0.09945,0.12214,68.58588,84.23789,0.00405,0.00046
0.95417,0.42500,0.13656,0.16372,68.56744,82.20153,0.00373,0.00116
1.00833,0.42500,0.16124,0.19631,64.60560,78.65347,0.00789,0.00256
1.06250,0.42500,0.17596,0.21607,62.98440,77.34171,0.01025,0.00270
1.11667,0.42500,0.18392,0.22745,60.36784,74.65577,0.01296,0.00357
1.17083,0.42500,0.18838,0.23203,58.90075,72.54719,0.01491,0.00406
1.22500,0.42500,0.19454,0.23764,58.95194,72.01158,0.01432,0.00395
1.27917,0.42500,0.19782,0.23976,59.16926,71.71182,0.01393,0.00388
1.33333,0.42500,0.19899,0.24333,59.07523,72.24181,0.01404,0.00374
1.38750,0.42500,0.19997,0.24290,59.76045,72.58920,0.01314,0.00367
1.44167,0.42500,0.19923,0.24222,60.63176,73.71717,0.01169,0.00347
1.49583,0.42500,0.19726,0.23967,61.34767,74.53931,0.01092,0.00310
1.55000,0.42500,0.19533,0.23813,62.70560,76.44755,0.00952,0.00261
1.60417,0.42500,0.19145,0.23391,63.57964,77.67929,0.00868,0.00231
1.65833,0.42500,0.18740,0.22902,64.67538,79.04191,0.00735,0.00180
1.71250,0.42500,0.18354,0.22338,65.99093,80.31784,0.00542,0.00152
1.76667,0.42500,0.17875,0.21870,67.28396,82.32115,0.00402,0.00090
1.82083,0.42500,0.17108,0.21053,67.56563,83.14366,0.00315,0.00057
1.87500,0.42500,0.16519,0.20102,68.61306,83.49667,0.00206,0.00048
1.92917,0.42500,0.15809,0.19277,69.16251,84.33134,0.00147,0.00042
1.98333,0.42500,0.15055,0.18312,69.48456,84.51825,0.00054,0.00029
2.03750,0.42500,0.14338,0.17274,70.02828,84.36499,0.00026,0.00032
2.09167,0.42500,0.13514,0.16517,70.08204,85.65191,0.00016,0.00000
2.14583,0.42500,0.12786,0.15389,70.49424,84.84469,0.00000,0.00004
2.20000,0.42500,0.11965,0.14392,70.38247,84.65730,0.00000,0.00017
0.90000,0.45000,0.10139,0.12088,69.92257,83.36368,0.00111,0.00076
0.95417,0.45000,0.13617,0.15722,68.37070,78.94134,0.00276,0.00256
1.00833,0.45000,0.15662,0.19024,62.75091,76.22339,0.01137,0.00342
1.06250,0.45000,0.16934,0.21212,60.61267,75.92736,0.01363,0.00303
1.11667,0.45000,0.18259,0.22066,59.93233,72.42611,0.01414,0.00415
1.17083,0.45000,0.18740,0.23027,58.59227,71.99654,0.01598,0.00413
1.22500,0.45000,0.19124,0.23335,57.95233,70.71086,0.01595,0.00445
1.27917,0.45000,0.19424,0.23676,58.09738,70.81630,0.01563,0.00425
1.33333,0.45000,0.19397,0.23894,57.58738,70.93716,0.01609,0.00425
1.38750,0.45000,0.19363,0.24110,57.86615,72.05010,0.01501,0.00382
1.44167,0.45000,0.19568,0.23816,59.55346,72.47938,0.01348,0.00373
1.49583,0.45000,0.19450,0.23724,60.48939,73.78190,0.01186,0.00343
1.55000,0.45000,0.19269,0.23473,61.85925,75.35412,0.01002,0.00292
1.60417,0.45000,0.18925,0.23249,62.84653,77.20677,0.00937,0.00253
1.65833,0.45000,0.18650,0.22689,64.36603,78.30404,0.00756,0.00202
1.71250,0.45000,0.18139,0.22267,65.21937,80.06028,0.00671,0.00167
1.76667,0.45000,0.17497,0.21697,65.86007,81.67171,0.00600,0.00121
1.82083,0.45000,0.17064,0.20756,67.39230,81.97172,0.00396,0.00102
1.87500,0.45000,0.16354,0.20043,67.92906,83.25326,0.00251,0.00064
1.92917,0.45000,0.15745,0.18880,68.87939,82.59455,0.00131,0.00085
1.98333,0.45000,0.14898,0.18417,68.75992,85.00095,0.00176,0.00013
2.03750,0.45000,0.14066,0.17419,68.69973,85.07260,0.00225,0.00002
2.09167,0.45000,0.13522,0.16356,70.12306,84.81846,0.00000,0.00000
2.14583,0.45000,0.12712,0.15363,70.08817,84.70383,0.00000,0.00000
2.20000,0.45000,0.12093,0.14282,71.13396,84.01310,0.00000,0.00049
0.90000,0.47500,0.10145,0.13176,69.96785,90.87241,0.00000,0.00000
0.95417,0.47500,0.12772,0.16420,64.12949,82.44272,0.01054,0.00164
1.00833,0.47500,0.15223,0.19313,60.99194,77.38004,0.01485,0.00302
1.06250,0.47500,0.16608,0.20589,59.44708,73.69614,0.01528,0.00411
1.11667,0.47500,0.17688,0.21759,58.05607,71.41837,0.01641,0.00439
1.17083,0.47500,0.18473,0.22795,57.75716,71.27207,0.01641,0.00437
1.22500,0.47500,0.18778,0.23032,56.90348,69.79486,0.01700,0.00454
1.27917,0.47500,0.18996,0.23391,56.81749,69.96205,0.01686,0.00453
1.33333,0.47500,0.19132,0.23426,56.79846,69.54922,0.01695,0.00459
1.38750,0.47500,0.19173,0.23510,57.29824,70.25697,0.01625,0.00444
1.44167,0.47500,0.19200,0.23464,58.43300,71.40963,0.01515,0.00416
1.49583,0.47500,0.19154,0.23296,59.56950,72.44973,0.01340,0.00375
1.55000,0.47500,0.18958,0.23167,60.85929,74.37366,0.01196,0.00325
1.60417,0.47500,0.18735,0.22848,62.21614,75.87691,0.01040,0.00295
1.65833,0.47500,0.18239,0.22443,62.94822,77.45490,0.00932,0.00242
1.71250,0.47500,0.17946,0.21936,64.52519,78.87249,0.00788,0.00197
1.76667,0.47500,0.17445,0.21453,65.66411,80.75148,0.00599,0.00131
1.82083,0.47500,0.16845,0.20598,66.52584,81.34944,0.00513,0.00135
1.87500,0.47500,0.16270,0.19920,67.58185,82.74024,0.00377,0.00080
1.92917,0.47500,0.15575,0.18955,68.13636,82.92310,0.00292,0.00059
1.98333,0.47500,0.14852,0.18137,68.54974,83.70834,0.00178,0.00045
2.03750,0.47500,0.14085,0.17234,68.79148,84.17153,0.00229,0.00028
2.09167,0.47500,0.13371,0.16243,69.34027,84.23397,0.00123,0.00023
2.14583,0.47500,0.12571,0.15403,69.31135,84.92298,0.00184,0.00003
2.20000,0.47500,0.11714,0.14618,68.90351,85.99113,0.00199,0.00000
0.90000,0.50000,0.10143,0.12241,69.95224,84.41876,0.00000,0.00000
0.95417,0.50000,0.13469,0.16119,67.62788,80.93029,0.00415,0.00189
1.00833,0.50000,0.14611,0.18115,58.54000,72.58092,0.01915,0.00468
1.06250,0.50000,0.16660,0.20000,59.63233,71.58775,0.01609,0.00441
1.11667,0.50000,0.17376,0.21229,57.03198,69.67941,0.01851,0.00508
1.17083,0.50000,0.17993,0.21709,56.25623,67.87456,0.01835,0.00540
1.22500,0.50000,0.18372,0.22573,55.67233,68.40417,0.01892,0.00521
1.27917,0.50000,0.18701,0.23017,55.93541,68.84483,0.01826,0.00500
1.33333,0.50000,0.18758,0.23054,55.68891,68.44426,0.01884,0.00511
1.38750,0.50000,0.18849,0.23059,56.32894,68.90857,0.01759,0.00487
1.44167,0.50000,0.18928,0.23082,57.60605,70.24711,0.01599,0.00451
1.49583,0.50000,0.19016,0.22976,59.13889,71.45616,0.01389,0.00425
1.55000,0.50000,0.18684,0.22737,59.98171,72.99126,0.01334,0.00371
1.60417,0.50000,0.18385,0.22473,61.05280,74.62971,0.01199,0.00338
1.65833,0.50000,0.17993,0.22035,62.09702,76.04752,0.01082,0.00294
1.71250,0.50000,0.17637,0.21545,63.41403,77.46510,0.00906,0.00248
1.76667,0.50000,0.16961,0.20977,63.84226,78.95808,0.00850,0.00192
1.82083,0.50000,0.16840,0.20297,66.50614,80.15776,0.00555,0.00170
1.87500,0.50000,0.16074,0.19522,66.76687,81.08887,0.00429,0.00144
1.92917,0.50000,0.15364,0.18726,67.21531,81.92354,0.00376,0.00101
1.98333,0.50000,0.14587,0.17895,67.32243,82.59460,0.00418,0.00083
2.03750,0.50000,0.14031,0.17059,68.52783,83.31826,0.00275,0.00069
2.09167,0.50000,0.13396,0.16397,69.47061,85.03272,0.00104,0.00000
2.14583,0.50000,0.12534,0.15258,69.10496,84.12155,0.00178,0.00015
2.20000,0.50000,0.11744,0.14261,69.08168,83.88583,0.00146,0.00037
0.90000,0.52500,0.10195,0.11908,70.31379,82.12660,0.00000,0.00166
0.95417,0.52500,0.12936,0.15356,64.95019,77.10306,0.00951,0.00308
1.00833,0.52500,0.15055,0.18392,60.31876,73.69110,0.01652,0.00432
1.06250,0.52500,0.16173,0.19593,57.89006,70.13130,0.01813,0.00529
1.11667,0.52500,0.17176,0.20656,56.37772,67.79765,0.01903,0.00561
1.17083,0.52500,0.17570,0.21433,54.93332,67.01212,0.02042,0.00580
1.22500,0.52500,0.17880,0.22280,54.18183,67.51489,0.02116,0.00555
1.27917,0.52500,0.18404,0.22521,55.04788,67.36143,0.02014,0.00556
1.33333,0.52500,0.18519,0.22465,54.98084,66.69403,0.01930,0.00569
1.38750,0.52500,0.18719,0.22440,55.94108,67.05880,0.01815,0.00550
1.44167,0.52500,0.18470,0.22457,56.21036,68.34389,0.01819,0.00519
1.49583,0.52500,0.18513,0.22659,57.57500,70.46841,0.01634,0.00451
1.55000,0.52500,0.18348,0.22566,58.90318,72.44402,0.01469,0.00385
1.60417,0.52500,0.18030,0.22110,59.87484,73.42493,0.01321,0.00366
1.65833,0.52500,0.17630,0.21567,60.84390,74.43481,0.01218,0.00325
1.71250,0.52500,0.17543,0.21199,63.07765,76.22283,0.00949,0.00270
1.76667,0.52500,0.17003,0.20619,63.99956,77.61171,0.00884,0.00251
1.82083,0.52500,0.16635,0.19892,65.69692,78.55843,0.00619,0.00235
1.87500,0.52500,0.16046,0.19407,66.64892,80.60888,0.00529,0.00165
1.92917,0.52500,0.15167,0.18645,66.35355,81.56738,0.00569,0.00127
1.98333,0.52500,0.14684,0.17796,67.77293,82.13573,0.00386,0.00097
2.03750,0.52500,0.14022,0.17002,68.48340,83.03582,0.00185,0.00065
2.09167,0.52500,0.13133,0.15996,68.10372,82.95321,0.00358,0.00079
2.14583,0.52500,0.12443,0.14851,68.60524,81.88099,0.00284,0.00115
2.20000,0.52500,0.11821,0.14398,69.53617,84.69433,0.00050,0.00022
0.90000,0.55000,0.09284,0.12291,64.02977,84.76516,0.01585,0.00000
0.95417,0.55000,0.12525,0.14995,62.88483,75.28811,0.01388,0.00417
1.00833,0.55000,0.14798,0.17774,59.29046,71.21623,0.01839,0.00528
1.06250,0.55000,0.15546,0.18946,55.64468,67.81548,0.02159,0.00614
1.11667,0.55000,0.16492,0.20453,54.13133,67.13178,0.02325,0.00602
1.17083,0.55000,0.17165,0.21198,53.66891,66.27851,0.02304,0.00613
1.22500,0.55000,0.17614,0.21803,53.37621,66.06854,0.02289,0.00605
1.27917,0.55000,0.17928,0.21842,53.62300,65.33044,0.02149,0.00606
1.33333,0.55000,0.18066,0.22203,53.63592,65.91784,0.02174,0.00581
1.38750,0.55000,0.18137,0.22311,54.19969,66.67613,0.02091,0.00571
1.44167,0.55000,0.18432,0.22304,56.09589,67.88015,0.01858,0.00527
1.49583,0.55000,0.18109,0.22165,56.31991,68.93270,0.01814,0.00501
1.55000,0.55000,0.18060,0.21946,57.97879,70.45266,0.01624,0.00456
1.60417,0.55000,0.17944,0.21720,59.58927,72.12794,0.01405,0.00406
1.65833,0.55000,0.17618,0.21361,60.80449,73.72072,0.01279,0.00356
1.71250,0.55000,0.17405,0.21174,62.58102,76.13071,0.01039,0.00289
1.76667,0.55000,0.16711,0.20474,62.90203,77.06643,0.01014,0.00259
1.82083,0.55000,0.16259,0.19696,64.21052,77.78701,0.00865,0.00242
1.87500,0.55000,0.15672,0.19024,65.09682,79.01894,0.00736,0.00196
1.92917,0.55000,0.15208,0.18392,66.53134,80.45896,0.00481,0.00177
1.98333,0.55000,0.14383,0.17691,66.38498,81.64974,0.00595,0.00139
2.03750,0.55000,0.13864,0.16956,67.71352,82.81201,0.00389,0.00078
2.09167,0.55000,0.13357,0.15528,69.26939,80.52607,0.00207,0.00175
2.14583,0.55000,0.12465,0.15148,68.72647,83.51587,0.00296,0.00064
2.20000,0.55000,0.11591,0.14372,68.18477,84.54335,0.00256,0.00015
0.90000,0.57500,0.09935,0.11816,68.51607,81.48930,0.00274,0.00189
0.95417,0.57500,0.12156,0.14552,61.03357,73.06443,0.01724,0.00526
1.00833,0.57500,0.14506,0.16422,58.11952,65.79962,0.01967,0.00772
1.06250,0.57500,0.15324,0.18281,54.85160,65.43525,0.02253,0.00723
1.11667,0.57500,0.16017,0.20280,52.57123,66.56556,0.02498,0.00640
1.17083,0.57500,0.16608,0.20633,51.92740,64.51101,0.02627,0.00691
1.22500,0.57500,0.17227,0.20931,52.20259,63.42592,0.02458,0.00712
1.27917,0.57500,0.17559,0.21364,52.52051,63.90112,0.02346,0.00672
1.33333,0.57500,0.17806,0.21771,52.86291,64.63315,0.02292,0.00650
1.38750,0.57500,0.18020,0.21675,53.84985,64.77303,0.02155,0.00641
1.44167,0.57500,0.18044,0.21620,54.91443,65.79822,0.02000,0.00595
1.49583,0.57500,0.17706,0.21573,55.06680,67.09354,0.01988,0.00564
1.55000,0.57500,0.17603,0.21348,56.51112,68.53385,0.01824,0.00526
1.60417,0.57500,0.17416,0.21482,57.83764,71.34044,0.01675,0.00435
1.65833,0.57500,0.17125,0.21004,59.10288,72.49042,0.01522,0.00415
1.71250,0.57500,0.16867,0.20611,60.64387,74.10581,0.01300,0.00346
1.76667,0.57500,0.16385,0.20005,61.67398,75.29963,0.01182,0.00328
1.82083,0.57500,0.16070,0.19414,63.46442,76.67367,0.00990,0.00284
1.87500,0.57500,0.15470,0.18786,64.25761,78.03246,0.00886,0.00266
1.92917,0.57500,0.14857,0.18099,64.99604,79.17745,0.00753,0.00200
1.98333,0.57500,0.14323,0.17304,66.10410,79.86639,0.00583,0.00202
2.03750,0.57500,0.13740,0.16522,67.10723,80.69556,0.00470,0.00142
2.09167,0.57500,0.13075,0.15592,67.80340,80.85809,0.00408,0.00153
2.14583,0.57500,0.12370,0.14752,68.20093,81.33378,0.00303,0.00170
2.20000,0.57500,0.11720,0.14244,68.94239,83.78808,0.00230,0.00042
0.90000,0.60000,0.09518,0.12247,65.64112,84.46318,0.00818,0.00050
0.95417,0.60000,0.11558,0.14770,58.02973,74.15669,0.02490,0.00503
1.00833,0.60000,0.14139,0.16927,56.65043,67.81906,0.02192,0.00689
1.06250,0.60000,0.14991,0.17842,53.66003,63.86411,0.02564,0.00801
1.11667,0.60000,0.15839,0.19536,51.98657,64.12259,0.02622,0.00735
1.17083,0.60000,0.16521,0.20303,51.65594,63.47943,0.02620,0.00720
1.22500,0.60000,0.16750,0.20709,50.75800,62.75349,0.02714,0.00722
1.27917,0.60000,0.17348,0.21013,51.88704,62.85187,0.02501,0.00728
1.33333,0.60000,0.17241,0.21092,51.18566,62.61777,0.02565,0.00731
1.38750,0.60000,0.17416,0.21173,52.04531,63.27460,0.02428,0.00700
1.44167,0.60000,0.17322,0.21374,52.71786,65.05027,0.02388,0.00641
1.49583,0.60000,0.17403,0.21271,54.12501,66.15183,0.02203,0.00609
1.55000,0.60000,0.17117,0.21175,54.95156,67.97630,0.02038,0.00544
1.60417,0.60000,0.17099,0.20988,56.78394,69.70016,0.01864,0.00496
1.65833,0.60000,0.16960,0.20546,58.53463,70.91104,0.01647,0.00461
1.71250,0.60000,0.16633,0.20137,59.80503,72.40393,0.01451,0.00435
1.76667,0.60000,0.16158,0.19728,60.81886,74.25864,0.01348,0.00367
1.82083,0.60000,0.15780,0.19076,62.32056,75.33741,0.01152,0.00336
1.87500,0.60000,0.15331,0.18583,63.67944,77.18915,0.00987,0.00274
1.92917,0.60000,0.14900,0.18022,65.18488,78.84113,0.00742,0.00217
1.98333,0.60000,0.14330,0.17490,66.13973,80.72093,0.00608,0.00154
2.03750,0.60000,0.13559,0.16297,66.22464,79.59337,0.00623,0.00228
2.09167,0.60000,0.12993,0.15722,67.38014,81.53090,0.00385,0.00116
2.14583,0.60000,0.12174,0.14934,67.11923,82.33698,0.00515,0.00108
2.20000,0.60000,0.11734,0.14296,69.02562,84.09527,0.00125,0.00034
