formula,material_id,ef_oof,hull_surface_ef,ehull_pred_meV,p_ehull_le_0,p_ehull_le_20,p_ehull_le_35,p_ehull_le_50,p_ehull_le_100,true_ehull_meV,true_ef_pd,true_ehull_vs_rest_meV,error
Na2TlAsF6,mp-1111404,-2.33713,-2.55772,220.58868,0.01934,0.02508,0.03034,0.03691,0.07286,221.48646,-2.33623,221.48646,
Rb2EuCuCl6,mp-1113297,-2.00604,-2.03635,30.30591,0.33387,0.47732,0.59926,0.70449,0.88582,0.00000,-2.05955,-23.20726,
K2HgIrF6,mp-1111958,-2.13979,-2.24748,107.68879,0.08843,0.12103,0.15466,0.20076,0.49830,151.18381,-2.09629,151.18381,
K2MnTlF6,mp-1111371,-2.71898,-2.76724,48.26316,0.23882,0.34718,0.45414,0.57566,0.84365,67.05709,-2.70019,67.05709,
Na2MnAgF6,mp-1111324,-2.47796,-2.59445,116.48766,0.07740,0.10485,0.13353,0.17262,0.42915,157.98919,-2.43646,157.98919,
Cs2HgMoF6,mp-1113177,-2.54228,-2.52912,-13.15966,0.66240,0.77571,0.83275,0.87245,0.94074,0.00000,-2.53095,-1.83226,
K2ScTlF6,mp-1111416,-3.28616,-3.34950,63.33990,0.18228,0.26182,0.34669,0.45355,0.79076,54.02159,-3.29548,54.02159,
Cs2CoAgF6,mp-1113539,-2.38850,-2.36760,-20.90197,0.71199,0.80799,0.85534,0.88833,0.94615,43.11959,-2.32448,43.11959,
Rb2YAuCl6,mp-1111711,-2.04034,-2.15089,110.54718,0.08464,0.11536,0.14741,0.19136,0.47540,113.16008,-2.03773,113.16008,
Rb2AgBiI6,mp-1110821,-1.01956,-1.08886,69.30069,0.16385,0.23422,0.31005,0.40819,0.76470,48.90258,-1.03996,48.90258,
Na2SbAuF6,mp-1111412,-2.14757,-2.59136,443.78654,0.00319,0.00357,0.00393,0.00433,0.00625,468.03311,-2.12332,468.03311,
Cs2GaAgI6,mp-1113594,-1.05789,-1.10975,51.86122,0.22319,0.32449,0.42631,0.54670,0.83267,75.17216,-1.03458,75.17216,
K2YbOsO6,,,,,,,,,,,,,ValueError: control compound K2YbOsO6 not in MP entries
Na2ScHgF6,mp-1111062,-2.97350,-3.20464,231.13775,0.01724,0.02163,0.02667,0.03203,0.06294,306.55655,-2.89808,306.55655,
Rb2GaAgBr6,mp-1111731,-1.37639,-1.48380,107.40940,0.08874,0.12159,0.15536,0.20161,0.50091,85.56759,-1.39823,85.56759,
Rb2GaHgCl6,mp-1113320,-1.68583,-1.76482,78.98618,0.13900,0.19640,0.25862,0.34228,0.71256,124.49946,-1.64032,124.49946,
Na2FeHgF6,mp-1111180,-2.27689,-2.57000,293.11143,0.00962,0.01156,0.01306,0.01524,0.02754,259.72051,-2.31028,259.72051,
Rb2InSbCl6,mp-1114061,-1.67327,-1.69792,24.64770,0.37092,0.52307,0.64214,0.73622,0.89611,26.83898,-1.67108,26.83898,
Rb2ScCuCl6,mp-1113560,-2.07070,-2.08589,15.19487,0.43925,0.60014,0.70528,0.78295,0.91033,6.49081,-2.07940,6.49081,
K2InAsBr6,mp-1110640,-1.39151,-1.44427,52.75639,0.21961,0.31923,0.41966,0.53882,0.82997,124.76545,-1.31950,124.76545,
Cs2HgAsI6,mp-1112908,-0.93280,-1.01422,81.42065,0.13369,0.18852,0.24670,0.32712,0.69765,29.75743,-0.98446,29.75743,
Cs2YbVF6,,,,,,,,,,,,,ValueError: control compound Cs2YbVF6 not in MP entries
Rb2SmCuCl6,mp-1112430,-2.11437,-2.17808,63.70641,0.18100,0.25998,0.34404,0.45072,0.78913,54.76119,-2.12332,54.76119,
Cs2NbAuF6,mp-1112641,-2.57544,-2.92155,346.11181,0.00616,0.00717,0.00817,0.00935,0.01475,267.42661,-2.65413,267.42661,
Cs2NbTlF6,mp-1111976,-2.82997,-2.92155,91.58181,0.11353,0.15769,0.20455,0.27050,0.62755,129.74374,-2.79181,129.74374,
Cs2BiAuF6,mp-1113148,-2.40945,-2.50673,97.27689,0.10370,0.14293,0.18574,0.24282,0.58362,113.88924,-2.39284,113.88924,
Cs2VAgF6,mp-1112639,-2.70210,-2.84657,144.47244,0.05199,0.06898,0.08615,0.10842,0.25634,140.34491,-2.70623,140.34491,
Cs2YTlI6,mp-1112156,-1.47819,-1.55693,78.74364,0.13953,0.19711,0.25978,0.34382,0.71413,3.94112,-1.55299,3.94112,
Cs2YCuBr6,mp-1111878,-1.82567,-1.89682,71.15423,0.15886,0.22599,0.29979,0.39494,0.75511,48.93545,-1.84789,48.93545,
Cs2GdAgCl6,mp-1113592,-2.19619,-2.20272,6.52852,0.50784,0.66473,0.75299,0.81729,0.92197,0.00000,-2.21321,-10.48683,
Cs2HgSbBr6,mp-1113296,-1.37363,-1.42608,52.45228,0.22073,0.32110,0.42196,0.54165,0.83089,37.36882,-1.38871,37.36882,
K2InSbCl6,mp-1112017,-1.65489,-1.72560,70.70510,0.16020,0.22807,0.30233,0.39805,0.75767,98.80259,-1.62679,98.80259,
Rb2CeCuF6,mp-1113307,-3.09166,-3.21094,119.27856,0.07421,0.10079,0.12768,0.16396,0.40841,124.43669,-3.08650,124.43669,
K2TaAgBr6,mp-1112085,-1.27113,-1.49172,220.58654,0.01934,0.02508,0.03034,0.03691,0.07286,200.38525,-1.29133,200.38525,
Rb2AlAuCl6,mp-1111467,-1.66701,-1.88067,213.65523,0.02100,0.02735,0.03320,0.04047,0.08084,156.40122,-1.72426,156.40122,
Cs2AlAuF6,mp-1113113,-2.81763,-2.99523,177.60241,0.03369,0.04360,0.05321,0.06620,0.14225,139.91899,-2.85531,139.91899,
Rb2LuAuCl6,mp-1113494,-1.96952,-2.13940,169.87956,0.03728,0.04835,0.05970,0.07348,0.16238,97.15979,-2.04224,97.15979,
Rb2TiAuF6,mp-1111401,-2.87003,-3.12037,250.34452,0.01416,0.01738,0.02060,0.02516,0.04806,273.82887,-2.84655,273.82887,
K2LuAuCl6,mp-1112066,-1.93738,-2.08799,150.61393,0.04791,0.06333,0.07845,0.09858,0.22862,81.26595,-2.00673,81.26595,
K2YTlBr6,mp-1111194,-1.86705,-1.96804,100.98584,0.09804,0.13450,0.17428,0.22674,0.55400,65.72227,-1.90231,65.72227,
Cs2YCuCl6,mp-1112909,-2.16306,-2.19967,36.61184,0.29715,0.42822,0.54889,0.66408,0.87292,40.19269,-2.15948,40.19269,
K2GaHgBr6,mp-1112204,-1.30961,-1.48823,178.61808,0.03324,0.04309,0.05259,0.06522,0.13994,140.96852,-1.34726,140.96852,
Rb2CuSbBr6,mp-1110719,-1.29140,-1.37039,78.99412,0.13897,0.19638,0.25859,0.34220,0.71251,40.69254,-1.32970,40.69254,
Cs2SbAuI6,mp-1112922,-0.97435,-1.04356,69.21011,0.16413,0.23461,0.31056,0.40891,0.76498,57.33519,-0.98622,57.33519,
Rb2CeCuBr6,mp-1113597,-1.77659,-1.85981,83.21748,0.12985,0.18271,0.23897,0.31639,0.68648,62.89272,-1.79691,62.89272,
Rb2YHgCl6,mp-1114078,-2.06298,-2.20871,145.73291,0.05113,0.06764,0.08436,0.10614,0.25031,129.62871,-2.07908,129.62871,
Cs2GaAuCl6,mp-1113218,-1.59172,-1.74341,151.68695,0.04729,0.06239,0.07710,0.09705,0.22380,161.22329,-1.58218,161.22329,
K2TlAgI6,mp-1112078,-0.91874,-1.01706,98.32298,0.10215,0.14057,0.18233,0.23851,0.57513,93.09262,-0.92397,93.09262,
Na2YCuCl6,mp-1111514,-1.98019,-2.08050,100.31471,0.09917,0.13604,0.17625,0.23008,0.55931,160.29191,-1.92021,160.29191,
Na2GaHgF6,mp-1111169,-2.40996,-2.68861,278.65312,0.01107,0.01301,0.01516,0.01770,0.03320,249.76506,-2.43885,249.76506,
K2CuAsF6,mp-1112251,-2.35615,-2.49838,142.23114,0.05354,0.07125,0.08896,0.11251,0.26715,102.43661,-2.39594,102.43661,
K2PrCuBr6,mp-1110907,-1.77022,-1.86864,98.41835,0.10206,0.14042,0.18199,0.23806,0.57423,103.63835,-1.76500,103.63835,
Cs2ScHgI6,mp-1112899,-1.35755,-1.37939,21.83951,0.39005,0.54699,0.66249,0.75133,0.90074,36.97538,-1.34241,36.97538,
K2CuBiCl6,mp-1110871,-1.58437,-1.60419,19.82314,0.40446,0.56325,0.67621,0.76207,0.90376,0.00000,-1.60573,-1.53679,
Na2YAgF6,mp-1111092,-2.99164,-3.21381,222.16576,0.01899,0.02439,0.02975,0.03613,0.07134,240.04307,-2.97376,240.04307,
Cs2CuSbBr6,mp-1111879,-1.29807,-1.40141,103.34300,0.09464,0.12965,0.16669,0.21731,0.53371,37.61844,-1.36379,37.61844,
Rb2NdAuCl6,mp-1113660,-2.03866,-2.15296,114.29601,0.08009,0.10873,0.13832,0.17926,0.44635,136.93138,-2.01602,136.93138,
Rb2TlAuI6,mp-1111787,-1.00498,-1.01354,8.56472,0.49135,0.65018,0.74235,0.81014,0.91934,72.04224,-0.94150,72.04224,
Cs2ScTlF6,mp-1112337,-3.30551,-3.33501,29.50073,0.33896,0.48351,0.60544,0.70938,0.88740,0.00000,-3.35536,-20.34525,
K2TbAgCl6,mp-1112446,-2.09374,-2.18401,90.27114,0.11579,0.16137,0.20947,0.27704,0.63771,43.06330,-2.14095,43.06330,
Rb2CuRuF6,mp-1113795,-2.25203,-2.30666,54.63030,0.21202,0.30830,0.40587,0.52318,0.82386,79.07782,-2.22758,79.07782,
Rb2ScAuI6,mp-1111788,-1.27564,-1.32565,50.00612,0.23145,0.33590,0.44076,0.56186,0.83840,72.85437,-1.25279,72.85437,
Cs2CeAgCl6,mp-1113570,-2.15148,-2.21086,59.37770,0.19518,0.28189,0.37282,0.48462,0.80687,24.84395,-2.18601,24.84395,
K2InAuCl6,mp-1111983,-1.51239,-1.64387,131.47692,0.06256,0.08332,0.10489,0.13355,0.32680,91.25510,-1.55261,91.25510,
Rb2YInF6,mp-1113931,-3.28486,-3.33924,54.37604,0.21296,0.30964,0.40767,0.52526,0.82464,45.18377,-3.29405,45.18377,
Rb2PrAgBr6,mp-1110818,-1.81720,-1.90081,83.61454,0.12915,0.18140,0.23719,0.31404,0.68396,50.21960,-1.85059,50.21960,
K2AlHgF6,mp-1112209,-2.94135,-3.09493,153.58435,0.04609,0.06069,0.07500,0.09423,0.21637,140.39244,-2.95454,140.39244,
K2TlAuCl6,mp-1112414,-1.48344,-1.50997,26.52859,0.35871,0.50784,0.62802,0.72659,0.89300,84.44323,-1.42553,84.44323,
K2InSbBr6,mp-1112183,-1.44982,-1.46368,13.86305,0.44963,0.61025,0.71320,0.78843,0.91225,86.63805,-1.37705,86.63805,
K2VHgF6,mp-1112011,-2.67836,-2.80701,128.65363,0.06514,0.08705,0.10986,0.13983,0.34436,175.59222,-2.63142,175.59222,
K2SmAgCl6,mp-1112087,-2.09708,-2.18513,88.04763,0.12032,0.16753,0.21840,0.28905,0.65384,59.25701,-2.12587,59.25701,
K2AlTlBr6,mp-1111591,-1.58630,-1.69668,110.38318,0.08482,0.11567,0.14780,0.19186,0.47661,110.25702,-1.58643,110.25702,
K2AlAuI6,mp-1112438,-1.02605,-1.10898,82.93020,0.13047,0.18378,0.24008,0.31805,0.68825,149.16681,-0.95981,149.16681,
K2GdAuCl6,mp-1112068,-2.01254,-2.14369,131.14924,0.06294,0.08382,0.10543,0.13419,0.32874,146.09224,-1.99760,146.09224,
Li2CrTeO6,mp-1178016,-1.97573,-2.00389,28.15795,0.34787,0.49471,0.61585,0.71728,0.89005,85.71273,-1.91818,85.71273,
K2CeAgF6,mp-1112335,-3.11470,-3.29727,182.56615,0.03154,0.04095,0.04996,0.06165,0.13123,219.62761,-3.07764,219.62761,
Cs2TlGaI6,mp-1112110,-1.15201,-1.20496,52.95331,0.21877,0.31797,0.41813,0.53715,0.82922,77.69851,-1.12726,77.69851,
Na2AsAuF6,mp-1111089,-2.11254,-2.45437,341.83459,0.00634,0.00737,0.00847,0.00969,0.01539,400.19886,-2.05418,400.19886,
Na2InAgCl6,mp-1111534,-1.49236,-1.60964,117.27842,0.07639,0.10370,0.13177,0.17024,0.42310,122.31427,-1.48732,122.31427,
Cs2InAuF6,mp-1112611,-2.44829,-2.56015,111.86440,0.08287,0.11303,0.14388,0.18709,0.46461,105.09449,-2.45506,105.09449,
K2AgBiCl6,mp-1110920,-1.62834,-1.60683,-21.50530,0.71547,0.81044,0.85695,0.88936,0.94652,0.00000,-1.62731,-20.47649,
Cs2AlInF6,mp-1112586,-3.19589,-3.17350,-22.39112,0.72024,0.81346,0.85916,0.89108,0.94715,11.55277,-3.16195,11.55277,
Cs2TlAgCl6,mp-1113442,-1.62393,-1.56580,-58.12867,0.86084,0.90066,0.92154,0.93651,0.96482,0.00000,-1.58320,-17.39695,
Rb2TlCrF6,mp-1113651,-2.78592,-2.87425,88.33321,0.11979,0.16671,0.21734,0.28758,0.65177,1.02364,-2.87323,1.02364,
Na2CoAuF6,mp-1111141,-2.00899,-2.30066,291.66805,0.00972,0.01167,0.01328,0.01539,0.02800,276.58550,-2.02407,276.58550,
Rb2GdAgCl6,mp-1111486,-2.14810,-2.18421,36.10694,0.30012,0.43224,0.55306,0.66778,0.87402,10.41326,-2.17379,10.41326,
Na2InAgBr6,mp-1111184,-1.19391,-1.36109,167.17954,0.03852,0.05019,0.06196,0.07650,0.17056,154.40543,-1.20668,154.40543,
Cs2TaCuBr6,mp-1112910,-1.37555,-1.50140,125.85117,0.06757,0.09083,0.11483,0.14650,0.36308,204.77313,-1.29663,204.77313,
Cs2RuAuF6,mp-1113110,-2.09537,-2.26146,166.08691,0.03910,0.05091,0.06296,0.07788,0.17394,194.49692,-2.06696,194.49692,
K2AgBiF6,mp-1110851,-2.46558,-2.59726,131.67689,0.06239,0.08312,0.10460,0.13320,0.32566,85.75854,-2.51150,85.75854,
K2AsAuCl6,mp-1112434,-1.41008,-1.48815,78.07425,0.14114,0.19929,0.26308,0.34838,0.71767,92.07139,-1.39608,92.07139,
Na2ScAuF6,mp-1111084,-2.86001,-3.12172,261.70635,0.01262,0.01539,0.01810,0.02149,0.04147,317.22613,-2.80449,317.22613,
K2AlTlI6,mp-1111199,-1.13688,-1.25579,118.91166,0.07458,0.10128,0.12845,0.16494,0.41099,133.04980,-1.12274,133.04980,
Cs2InGaI6,mp-1113095,-1.15537,-1.15420,-1.17461,0.57096,0.71346,0.78862,0.84208,0.93002,18.84895,-1.13535,18.84895,
K2TlAgF6,mp-1112272,-2.23637,-2.35199,115.62219,0.07844,0.10633,0.13536,0.17530,0.43601,30.78269,-2.32121,30.78269,
K2EuAuCl6,mp-1112428,-1.89699,-1.97750,80.50510,0.13565,0.19143,0.25129,0.33259,0.70318,90.62733,-1.88687,90.62733,
Cs2TlSbI6,mp-1112105,-1.09674,-1.15411,57.36916,0.20174,0.29314,0.38640,0.50124,0.81445,23.41934,-1.13069,23.41934,
K2AsAuBr6,mp-1112435,-1.19885,-1.24273,43.87741,0.25917,0.37610,0.48878,0.61015,0.85594,71.52610,-1.17120,71.52610,
Rb2NdAgCl6,mp-1110806,-2.14861,-2.18958,40.97175,0.27335,0.39607,0.51214,0.63219,0.86285,34.80523,-2.15478,34.80523,
K2CuBiI6,mp-1110946,-0.96443,-1.04736,82.92925,0.13048,0.18382,0.24014,0.31812,0.68830,97.54767,-0.94981,97.54767,
Na2CrHgF6,mp-1111186,-2.44761,-2.73807,290.45640,0.00982,0.01176,0.01339,0.01554,0.02851,274.04717,-2.46402,274.04717,
Cs2AgIrF6,mp-1113622,-2.13262,-2.23837,105.75424,0.09099,0.12492,0.16004,0.20774,0.51405,65.87426,-2.17250,65.87426,
K2CuSbF6,mp-1110839,-2.41985,-2.63023,210.38425,0.02186,0.02853,0.03456,0.04219,0.08482,163.22704,-2.46701,163.22704,
K2CrAgF6,mp-1112287,-2.65241,-2.73614,83.73327,0.12888,0.18093,0.23672,0.31350,0.68325,9.82098,-2.72632,9.82098,
Na2CrAgF6,mp-1111094,-2.49324,-2.70095,207.71339,0.02263,0.02954,0.03587,0.04352,0.08838,139.83153,-2.56112,139.83153,
Cs2ScTlCl6,mp-1112000,-2.20409,-2.26310,59.00560,0.19636,0.28404,0.37518,0.48774,0.80826,4.45497,-2.25864,4.45497,
K2NdCuCl6,mp-1112227,-2.07535,-2.17704,101.68730,0.09705,0.13319,0.17194,0.22380,0.54829,94.66174,-2.08238,94.66174,
Li2NiAgF6,mp-1111146,-2.18749,-2.39776,210.27158,0.02189,0.02858,0.03465,0.04219,0.08498,318.59105,-2.07917,318.59105,
Rb2GaAuBr6,mp-1111718,-1.30085,-1.44595,145.10295,0.05157,0.06830,0.08524,0.10722,0.25338,141.40229,-1.30455,141.40229,
K2CuMoCl6,mp-1112380,-1.48895,-1.61573,126.77969,0.06684,0.08961,0.11323,0.14403,0.35717,79.25761,-1.53647,79.25761,
Rb2ScAgCl6,mp-1110795,-2.08673,-2.09128,4.55386,0.52379,0.67806,0.76346,0.82413,0.92419,0.00000,-2.12172,-30.43723,
K2TlGaF6,mp-1111372,-2.71214,-2.84696,134.81859,0.05975,0.07946,0.09996,0.12667,0.30722,36.16579,-2.81079,36.16579,
Na2AgSbCl6,mp-1111538,-1.46787,-1.52233,54.46240,0.21263,0.30916,0.40704,0.52441,0.82436,141.18470,-1.38115,141.18470,
Rb2PrCuBr6,mp-1110720,-1.79516,-1.87748,82.31568,0.13169,0.18561,0.24264,0.32196,0.69200,75.66263,-1.80181,75.66263,
Na2AlAuF6,mp-1111088,-2.71015,-2.97825,268.09992,0.01193,0.01449,0.01690,0.01993,0.03803,280.68519,-2.69756,280.68519,
Na2TePdO6,,,,,,,,,,,,,ValueError: control compound Na2TePdO6 not in MP entries
Na2VAuF6,mp-1111085,-2.40218,-2.72767,325.49391,0.00717,0.00863,0.00982,0.01132,0.01839,401.08750,-2.32659,401.08750,
Rb2ScAgI6,mp-1111799,-1.28722,-1.36465,77.43440,0.14260,0.20152,0.26613,0.35264,0.72127,19.90586,-1.34475,19.90586,
Cs2CdPbF6,,,,,,,,,,,,,ValueError: control compound Cs2CdPbF6 not in MP entries
Cs2HgBiI6,mp-1113303,-1.05159,-1.11628,64.69280,0.17806,0.25523,0.33780,0.44316,0.78506,36.11009,-1.08017,36.11008,
Cs2CuAsCl6,mp-1112612,-1.56551,-1.57214,6.63014,0.50699,0.66393,0.75239,0.81686,0.92181,51.69774,-1.52044,51.69774,
Cs2TaAuF6,mp-1113212,-2.67289,-2.85183,178.93967,0.03310,0.04291,0.05240,0.06489,0.13908,45.88970,-2.80594,45.88970,
Na2PdAuF6,mp-1111301,-1.88127,-2.10030,219.02933,0.01975,0.02559,0.03098,0.03767,0.07448,257.65370,-1.84265,257.65370,
Na2TlCuF6,mp-1111265,-2.18498,-2.38596,200.98453,0.02490,0.03208,0.03916,0.04767,0.09804,164.02227,-2.22194,164.02227,
Li2VPO6,mp-616566,-2.47283,-2.58598,113.15473,0.08135,0.11076,0.14092,0.18295,0.45502,13.69268,-2.57229,13.69268,
K2AgAuBr6,mp-1112101,-1.12176,-1.19336,71.59694,0.15767,0.22413,0.29724,0.39196,0.75266,48.25114,-1.14511,48.25114,
K2InAsI6,mp-1112020,-0.95346,-1.04953,96.07007,0.10554,0.14591,0.18967,0.24836,0.59303,100.43014,-0.94910,100.43014,
Rb2TbInBr6,,,,,,,,,,,,,ValueError: control compound Rb2TbInBr6 not in MP entries
Rb2GaAgI6,mp-1111802,-1.00595,-1.08893,82.97755,0.13041,0.18363,0.23992,0.31787,0.68798,95.81374,-0.99311,95.81374,
K2TlAsBr6,mp-1111589,-1.34179,-1.38685,45.06044,0.25355,0.36816,0.47918,0.60128,0.85261,52.00259,-1.33485,52.00259,
K2GaAgI6,mp-1112466,-0.96905,-1.10948,140.42582,0.05519,0.07298,0.09157,0.11560,0.27638,153.58754,-0.95589,153.58754,
K2TaAgI6,mp-1110948,-0.89657,-1.06718,170.60591,0.03690,0.04791,0.05907,0.07286,0.16051,200.48467,-0.86669,200.48467,
Cs2TaAgI6,mp-1112935,-0.93282,-1.09858,165.76161,0.03924,0.05110,0.06320,0.07826,0.17491,151.01115,-0.94757,151.01115,
Rb2AsAuF6,mp-1110595,-2.28847,-2.47757,189.09944,0.02904,0.03765,0.04572,0.05627,0.11843,220.35511,-2.25721,220.35511,
K2HgBiF6,mp-1112367,-2.53121,-2.63437,103.15991,0.09485,0.12996,0.16722,0.21788,0.53527,197.79939,-2.43657,197.79939,
Cs2GaAgBr6,mp-1113553,-1.40165,-1.51332,111.66841,0.08313,0.11337,0.14442,0.18771,0.46626,84.27608,-1.42904,84.27608,
K2NdTeO6,,,,,,,,,,,,,ValueError: control compound K2NdTeO6 not in MP entries
K2InGaI6,mp-1112021,-1.06087,-1.14660,85.73011,0.12502,0.17500,0.22794,0.30217,0.67014,103.28206,-1.04332,103.28206,
Rb2HgBiF6,mp-1112409,-2.47875,-2.59644,117.68668,0.07584,0.10313,0.13104,0.16879,0.42030,124.84406,-2.47159,124.84406,
K2HgBiBr6,mp-1112205,-1.36193,-1.41889,56.96490,0.20304,0.29544,0.38907,0.50450,0.81580,85.87549,-1.33302,85.87549,
K2AgAuF6,mp-1112289,-2.03604,-2.08481,48.76572,0.23656,0.34368,0.45032,0.57140,0.84227,72.21077,-2.01259,72.21077,
K2SbPO6,mp-560240,-2.16133,-2.37181,210.47887,0.02178,0.02850,0.03451,0.04210,0.08476,0.00000,-2.40227,-30.46432,
K2YHgI6,mp-1112022,-1.34408,-1.45015,106.07073,0.09048,0.12426,0.15916,0.20643,0.51143,144.51088,-1.30564,144.51088,
K2InAgF6,mp-1112283,-2.30535,-2.63763,332.27916,0.00683,0.00809,0.00931,0.01061,0.01706,36.78435,-2.60084,36.78435,
Cs2ErAgCl6,mp-1113595,-2.17661,-2.20969,33.07954,0.31731,0.45549,0.57709,0.68742,0.88047,0.00000,-2.21915,-9.45710,
Rb2NiAgF6,mp-1110604,-2.32104,-2.37277,51.72757,0.22366,0.32535,0.42734,0.54794,0.83305,35.78644,-2.33698,35.78644,
Cs2InGaCl6,mp-1113201,-1.85473,-1.84420,-10.52566,0.64337,0.76388,0.82434,0.86651,0.93868,40.56372,-1.80364,40.56372,
Cs2TlBiBr6,mp-1112498,-1.50619,-1.56011,53.91739,0.21498,0.31235,0.41099,0.52879,0.82612,6.91388,-1.55319,6.91388,
K2VAgF6,mp-1112271,-2.65441,-2.76990,115.49061,0.07869,0.10654,0.13566,0.17566,0.43686,76.74597,-2.69315,76.74597,
Cs2TlHgF6,mp-1113141,-2.38960,-2.38258,-7.01770,0.61730,0.74551,0.81225,0.85824,0.93560,34.14836,-2.34843,34.14836,
K2AlAuF6,mp-1112269,-2.79694,-3.01904,222.10202,0.01899,0.02446,0.02979,0.03614,0.07142,162.09797,-2.85694,162.09797,
Cs2InHgBr6,mp-1113300,-1.47434,-1.46167,-12.67070,0.65908,0.77377,0.83138,0.87148,0.94032,2.65662,-1.45901,2.65662,
K2IrAuF6,mp-1112262,-1.99300,-2.22724,234.24027,0.01668,0.02088,0.02555,0.03090,0.06023,269.05565,-1.95818,269.05565,
K2AgAsCl6,mp-1112480,-1.57038,-1.52109,-49.29376,0.83626,0.88517,0.90957,0.92814,0.96136,13.73740,-1.50735,13.73740,
Rb2NdCuI6,mp-1110764,-1.38272,-1.45041,67.68667,0.16879,0.24115,0.31970,0.42030,0.77214,95.01599,-1.35539,95.01599,
Cs2InGaF6,mp-1113099,-2.83072,-2.82858,-2.14164,0.57906,0.71887,0.79299,0.84485,0.93102,84.66554,-2.74391,84.66554,
Rb2SbAuCl6,mp-1111715,-1.46425,-1.57319,108.94279,0.08673,0.11865,0.15120,0.19660,0.48824,72.39397,-1.50080,72.39397,
K2NdCuI6,mp-1110945,-1.35439,-1.43520,80.81400,0.13497,0.19051,0.24982,0.33059,0.70136,120.37622,-1.31483,120.37622,
K2TlRuF6,mp-1111417,-2.37512,-2.39243,17.30716,0.42300,0.58333,0.69209,0.77386,0.90728,39.42972,-2.35300,39.42972,
Rb2HgPdF6,mp-1113777,-2.14297,-2.19854,55.56615,0.20845,0.30320,0.39915,0.51538,0.82052,47.23917,-2.15130,47.23917,
Na2TlCrF6,mp-1110619,-2.63522,-2.86140,226.18089,0.01823,0.02310,0.02814,0.03412,0.06732,198.30511,-2.66310,198.30511,
K2InAuF6,mp-1111944,-2.22179,-2.60404,382.24876,0.00465,0.00537,0.00613,0.00683,0.01061,192.58895,-2.41145,192.58895,
K2TbCuCl6,mp-1111991,-2.06958,-2.17476,105.17613,0.09199,0.12603,0.16159,0.20984,0.51865,67.97450,-2.10678,67.97450,
K2AgAsBr6,mp-1112001,-1.23876,-1.28356,44.79811,0.25480,0.37002,0.48124,0.60342,0.85343,25.84876,-1.25771,25.84876,
K2PrCuI6,mp-1110944,-1.31073,-1.44027,129.53970,0.06433,0.08608,0.10827,0.13788,0.33884,125.59983,-1.31467,125.59983,
Rb2TlHgCl6,mp-1114077,-1.56878,-1.59298,24.20034,0.37393,0.52661,0.64528,0.73876,0.89676,37.60256,-1.55538,37.60256,
K2ScInI6,mp-1112016,-1.32868,-1.39280,64.12134,0.17983,0.25810,0.34133,0.44757,0.78747,46.75599,-1.34605,46.75599,
K2VPO6,mp-558956,-2.44369,-2.55058,106.89091,0.08936,0.12261,0.15677,0.20325,0.50502,0.00000,-2.57625,-25.66608,
Rb2AlTlF6,mp-1113654,-3.12611,-3.18747,61.35836,0.18880,0.27158,0.35975,0.46867,0.79939,0.00000,-3.19132,-3.85532,
Rb2TlAsBr6,mp-1114116,-1.41524,-1.38681,-28.42605,0.75273,0.83357,0.87301,0.90112,0.95099,10.49117,-1.37632,10.49117,
Rb2CuMoI6,mp-1110722,-0.88010,-0.98871,108.60901,0.08714,0.11925,0.15212,0.19748,0.49103,157.31153,-0.83140,157.31153,
K2CuMoBr6,mp-1110870,-1.20504,-1.32729,122.24703,0.07124,0.09624,0.12197,0.15587,0.38718,103.76609,-1.22352,103.76609,
K2TaCuBr6,mp-1112217,-1.28646,-1.49172,205.25654,0.02340,0.03050,0.03711,0.04500,0.09189,246.11034,-1.24561,246.11034,
Cs2ErAuCl6,mp-1112928,-2.02172,-2.17741,155.68883,0.04471,0.05895,0.07279,0.09109,0.20801,98.00066,-2.07941,98.00066,
Cs2TlGaF6,mp-989558,-2.75933,-2.82940,70.06754,0.16193,0.23124,0.30598,0.40261,0.76073,0.00000,-2.85442,-25.02478,
Rb2TlInBr6,mp-1114115,-1.46431,-1.56818,103.86834,0.09387,0.12856,0.16510,0.21521,0.52925,38.92569,-1.52925,38.92569,
Rb2InAgCl6,mp-1111634,-1.62584,-1.65823,32.38977,0.32152,0.46058,0.58276,0.69161,0.88183,0.00000,-1.71253,-54.30405,
Rb2BaOsO6,,,,,,,,,,,,,ValueError: control compound Rb2BaOsO6 not in MP entries
K2InSbF6,mp-1112181,-2.66904,-2.76453,95.49277,0.10654,0.14752,0.19150,0.25133,0.59779,180.90232,-2.58363,180.90232,
Na2InCuCl6,mp-1111118,-1.48127,-1.60038,119.11342,0.07439,0.10098,0.12812,0.16447,0.40965,125.34765,-1.47504,125.34765,
Cs2AsAuF6,mp-1113149,-2.28650,-2.49232,205.81870,0.02324,0.03026,0.03683,0.04466,0.09092,222.96026,-2.26936,222.96026,
Cs2AlInCl6,mp-1113280,-1.97341,-2.00960,36.19089,0.29962,0.43159,0.55234,0.66695,0.87377,46.39183,-1.96321,46.39183,
Rb2AsAuI6,mp-1111796,-0.89083,-0.92883,37.99545,0.28937,0.41785,0.53682,0.65419,0.86994,51.86101,-0.87696,51.86101,
Cs2InCuF6,mp-1113106,-2.56096,-2.63673,75.77049,0.14673,0.20769,0.27442,0.36361,0.73045,63.27772,-2.57345,63.27772,
Cs2CeCuCl6,mp-1113363,-2.16174,-2.21086,49.11770,0.23504,0.34138,0.44764,0.56880,0.84114,74.23710,-2.13662,74.23710,
Rb2AsAuCl6,mp-1111626,-1.41466,-1.48973,75.07149,0.14852,0.21025,0.27823,0.36811,0.73406,63.38478,-1.42635,63.38478,
K2AgSbBr6,mp-1110912,-1.28007,-1.34181,61.73809,0.18754,0.26956,0.35738,0.46567,0.79792,13.64218,-1.32817,13.64218,
K2ScAuBr6,mp-1111993,-1.60807,-1.72500,116.92580,0.07680,0.10421,0.13263,0.17125,0.42580,78.50193,-1.64649,78.50193,
K2TlSbF6,mp-1111125,-2.53283,-2.73223,199.40295,0.02547,0.03286,0.03998,0.04866,0.10059,123.96427,-2.60827,123.96427,
K2CeCuCl6,mp-1112237,-2.11411,-2.15830,44.18973,0.25777,0.37401,0.48636,0.60773,0.85512,85.15642,-2.07314,85.15642,
Rb2DyCuCl6,mp-1113403,-2.13158,-2.17940,47.81710,0.24056,0.35012,0.45734,0.57938,0.84494,42.38482,-2.13701,42.38482,
Cs2AgAuBr6,mp-1113575,-1.21672,-1.23150,14.77771,0.44258,0.60355,0.70777,0.78473,0.91096,24.74310,-1.20675,24.74310,
Na2HgAuF6,mp-1111190,-1.92489,-2.09687,171.98020,0.03619,0.04708,0.05771,0.07151,0.15657,268.41009,-1.82846,268.41009,
K2SrOsO6,,,,,,,,,,,,,ValueError: control compound K2SrOsO6 not in MP entries
Rb2TlSbI6,mp-1114167,-1.07241,-1.12368,51.26515,0.22546,0.32801,0.43090,0.55177,0.83466,50.42448,-1.07325,50.42448,
Rb2AgSbI6,mp-1110817,-0.95642,-1.04438,87.95893,0.12054,0.16782,0.21877,0.28965,0.65441,44.61594,-0.99976,44.61594,
Na2TaAgF6,mp-1111551,-2.53433,-2.97414,439.81167,0.00323,0.00365,0.00406,0.00446,0.00645,483.59733,-2.49054,483.59733,
Rb2AgBiCl6,mp-1110810,-1.63584,-1.61661,-19.22841,0.70155,0.80148,0.85089,0.88508,0.94509,0.00000,-1.66604,-49.43127,
K2AgPdF6,mp-1112279,-2.17079,-2.16688,-3.90954,0.59289,0.72869,0.80036,0.84992,0.93266,8.84108,-2.15804,8.84108,
Rb2GaAgF6,mp-1110609,-2.56414,-2.66030,96.15608,0.10542,0.14569,0.18940,0.24800,0.59242,0.00000,-2.69804,-37.74672,
K2SmCuCl6,mp-1112218,-2.07828,-2.17587,97.59262,0.10323,0.14227,0.18484,0.24145,0.58115,82.91677,-2.09296,82.91677,
Cs2CrHgF6,mp-1112592,-2.64523,-2.71310,67.86501,0.16811,0.24036,0.31855,0.41879,0.77135,118.88058,-2.59421,118.88058,
Na2AlHgF6,mp-1111253,-2.79480,-3.06471,269.91084,0.01182,0.01423,0.01661,0.01957,0.03727,271.68587,-2.79302,271.68587,
Li2CuSbCl6,mp-1111120,-1.44147,-1.52400,82.53047,0.13125,0.18497,0.24169,0.32057,0.69073,288.51563,-1.23548,288.51564,
Cs2CuBiCl6,mp-1111471,-1.64739,-1.69001,42.61760,0.26534,0.38458,0.49899,0.62017,0.85914,24.17609,-1.66583,24.17609,
Cs2YAuI6,mp-1112916,-1.36800,-1.44638,78.38459,0.14043,0.19835,0.26155,0.34638,0.71605,77.78775,-1.36860,77.78775,
Na2SmCuCl6,mp-1111488,-1.96091,-2.06667,105.76433,0.09097,0.12491,0.16001,0.20773,0.51395,163.84438,-1.90283,163.84438,
Li2CuAsF6,mp-1111360,-2.24895,-2.52727,278.32038,0.01109,0.01306,0.01522,0.01776,0.03335,405.40737,-2.12186,405.40737,
Cs2HgAsF6,mp-1112603,-2.42160,-2.49232,70.71870,0.16018,0.22802,0.30226,0.39803,0.75762,78.91256,-2.41341,78.91256,
Cs2PrAgI6,mp-1112942,-1.46930,-1.47345,4.14598,0.52703,0.68058,0.76537,0.82535,0.92451,6.61545,-1.46683,6.61545,
K2TlBiF6,mp-1111569,-2.62514,-2.74381,118.67031,0.07493,0.10164,0.12903,0.16562,0.41295,106.41617,-2.63739,106.41617,
K2FeAgF6,mp-1112286,-2.48211,-2.57348,91.36848,0.11390,0.15833,0.20542,0.27151,0.62937,13.04003,-2.56044,13.04003,
Cs2YAuBr6,mp-1112918,-1.76545,-1.88263,117.17587,0.07650,0.10382,0.13201,0.17056,0.42390,95.61769,-1.78701,95.61769,
Na2TlHgF6,mp-1111023,-2.25881,-2.32348,64.67243,0.17810,0.25537,0.33790,0.44337,0.78516,206.28716,-2.11720,206.28716,
K2LuTeO6,,,,,,,,,,,,,ValueError: control compound K2LuTeO6 not in MP entries
Cs2TbCuCl6,mp-1113207,-2.15452,-2.19059,36.06724,0.30032,0.43254,0.55333,0.66803,0.87414,29.85965,-2.16073,29.85965,
K2DyCuCl6,mp-1111994,-2.08976,-2.17051,80.74922,0.13515,0.19071,0.25024,0.33105,0.70176,61.72950,-2.10878,61.72950,
Rb2AgSbBr6,mp-1110804,-1.32395,-1.38793,63.97681,0.18033,0.25868,0.34236,0.44876,0.78808,20.61370,-1.36731,20.61370,
K2InBiF6,mp-1112359,-2.67873,-2.76821,89.47866,0.11750,0.16341,0.21260,0.28128,0.64337,153.75623,-2.61445,153.75623,
K2CrAuF6,mp-1111943,-2.50532,-2.69533,190.01028,0.02876,0.03720,0.04514,0.05545,0.11632,159.55910,-2.53577,159.55910,
Rb2YbVF6,,,,,,,,,,,,,ValueError: control compound Rb2YbVF6 not in MP entries
Na2YCuF6,mp-1110996,-3.01364,-3.25554,241.89892,0.01538,0.01904,0.02288,0.02793,0.05379,290.16904,-2.96537,290.16904,
Cs2CuHgF6,,,,,,,,,,,,,ValueError: control compound Cs2CuHgF6 not in MP entries
Rb2EuAgCl6,mp-1111732,-2.03922,-2.01556,-23.66462,0.72748,0.81791,0.86214,0.89325,0.94804,0.00000,-2.03216,-16.60422,
Cs2CuMoBr6,mp-1112273,-1.22861,-1.37069,142.08101,0.05364,0.07144,0.08908,0.11271,0.26787,99.31550,-1.27138,99.31550,
K2TlAgBr6,mp-1112445,-1.30250,-1.32101,18.50928,0.41414,0.57357,0.68463,0.76840,0.90559,44.33411,-1.27668,44.33411,
K2InCuBr6,mp-1112160,-1.32335,-1.43364,110.28612,0.08496,0.11578,0.14805,0.19219,0.47752,64.18741,-1.36945,64.18741,
Cs2AgMoCl6,mp-1113232,-1.56954,-1.66709,97.54639,0.10329,0.14238,0.18495,0.24164,0.58153,43.43812,-1.62365,43.43812,
K2EuCuCl6,mp-1111984,-1.97909,-2.02535,46.25527,0.24748,0.36035,0.46959,0.59170,0.84955,10.68555,-2.01466,10.68555,
Na2GaCuF6,mp-1111277,-2.49709,-2.68517,188.08432,0.02941,0.03806,0.04637,0.05696,0.12025,151.39914,-2.53378,151.39914,
K2SbAuBr6,mp-1112418,-1.19171,-1.30098,109.26739,0.08640,0.11799,0.15032,0.19550,0.48566,64.81131,-1.23617,64.81131,
Rb2IrAuF6,mp-1110589,-2.02346,-2.23113,207.66554,0.02266,0.02956,0.03591,0.04357,0.08847,252.66180,-1.97846,252.66180,
K2TaHgF6,mp-1112194,-2.68410,-3.04462,360.51955,0.00547,0.00639,0.00717,0.00821,0.01277,267.39754,-2.77722,267.39754,
Na2HgAsF6,mp-1111208,-2.21868,-2.45437,235.69459,0.01652,0.02050,0.02501,0.03031,0.05895,289.82826,-2.16455,289.82826,
Rb2NbAuF6,mp-1111465,-2.53668,-2.91144,374.75662,0.00486,0.00581,0.00645,0.00724,0.01139,299.45522,-2.61198,299.45522,
Na2TlCuBr6,mp-1110993,-1.10675,-1.24318,136.42660,0.05821,0.07747,0.09736,0.12349,0.29826,162.24639,-1.08093,162.24639,
Cs2ScAuCl6,mp-1113213,-2.01694,-2.12092,103.98116,0.09371,0.12833,0.16474,0.21471,0.52831,106.71249,-2.01421,106.71249,
Na2HgAsBr6,mp-1111742,-1.08385,-1.22151,137.66218,0.05724,0.07587,0.09555,0.12104,0.29132,192.54288,-1.02897,192.54288,
Rb2PrAgF6,mp-1110788,-3.07694,-3.19281,115.86967,0.07815,0.10589,0.13479,0.17472,0.43409,76.98655,-3.11582,76.98655,
Rb2ScTlI6,mp-1114163,-1.38107,-1.44183,60.76034,0.19060,0.27447,0.36366,0.47354,0.80150,13.30273,-1.42853,13.30273,
Rb2TlGaCl6,mp-1114004,-1.74815,-1.85971,111.56028,0.08325,0.11357,0.14466,0.18801,0.46706,75.32952,-1.78438,75.32952,
Na2AgMoF6,mp-1111323,-2.36684,-2.53412,167.28500,0.03847,0.05014,0.06185,0.07638,0.17018,148.65127,-2.38547,148.65127,
Rb2DyAgCl6,mp-1111733,-2.13529,-2.18697,51.68078,0.22380,0.32561,0.42761,0.54829,0.83321,6.89345,-2.18008,6.89345,
K2CeAuCl6,mp-1111996,-1.97833,-2.12883,150.49772,0.04797,0.06348,0.07869,0.09886,0.22918,162.94375,-1.96588,162.94375,
Rb2TlAgCl6,mp-1111629,-1.59613,-1.54193,-54.20271,0.85084,0.89423,0.91667,0.93297,0.96336,0.00000,-1.54874,-6.81004,
Rb2TlAuBr6,mp-1111713,-1.23528,-1.30743,72.14954,0.15621,0.22199,0.29417,0.38787,0.74976,49.87147,-1.25756,49.87147,
K2TlFeF6,mp-1111373,-2.60985,-2.72003,110.18189,0.08510,0.11601,0.14834,0.19253,0.47826,41.77439,-2.67826,41.77439,
Rb2InAuBr6,mp-1111717,-1.30286,-1.43147,128.60579,0.06522,0.08714,0.10991,0.13996,0.34478,91.88810,-1.33958,91.88810,
Na2RuAuF6,mp-1111087,-1.92383,-2.16573,241.90409,0.01538,0.01903,0.02288,0.02792,0.05377,305.92634,-1.85981,305.92634,
Na2AlAgF6,mp-1111337,-2.86245,-3.02760,165.14782,0.03958,0.05154,0.06382,0.07912,0.17674,128.42413,-2.89917,128.42413,
K2TmAuCl6,mp-1112061,-1.91852,-2.13671,218.19251,0.01992,0.02589,0.03130,0.03801,0.07536,129.43553,-2.00728,129.43553,
Rb2CrHgF6,mp-1112407,-2.63687,-2.76481,127.94281,0.06584,0.08806,0.11119,0.14149,0.34922,194.56565,-2.57025,194.56565,
Cs2TlCuBr6,mp-1113558,-1.35886,-1.35480,-4.05707,0.59411,0.72956,0.80089,0.85035,0.93283,14.26620,-1.34054,14.26620,
K2HgSbI6,mp-1112197,-0.89132,-1.01888,127.56330,0.06622,0.08858,0.11182,0.14234,0.35188,69.64142,-0.94924,69.64142,
Na2GaHgBr6,mp-1111064,-1.19488,-1.39560,200.71558,0.02501,0.03228,0.03925,0.04787,0.09840,243.22290,-1.15237,243.22290,
Cs2AgAsF6,mp-1114305,-2.44899,-2.49232,43.32870,0.26190,0.37978,0.49330,0.61461,0.85738,54.61780,-2.43770,54.61780,
Cs2AgBiBr6,mp-1078250,-1.41682,-1.46053,43.71298,0.25993,0.37713,0.49015,0.61150,0.85639,0.94906,-1.45958,0.94906,
Rb2TlInI6,mp-1114166,-1.09486,-1.19939,104.53025,0.09298,0.12721,0.16325,0.21235,0.52392,76.05460,-1.12334,76.05460,
Rb2HgAsI6,mp-1113545,-0.89053,-0.97669,86.15814,0.12404,0.17370,0.22599,0.29979,0.66726,39.09079,-0.93760,39.09079,
Rb2TbAuCl6,mp-1113641,-1.99726,-2.15316,155.89721,0.04461,0.05875,0.07255,0.09079,0.20711,114.76573,-2.03839,114.76573,
Cs2TaTlF6,mp-1112483,-2.81914,-2.85056,31.42363,0.32712,0.46814,0.59024,0.69765,0.88378,113.12779,-2.73744,113.12779,
Cs2YTlBr6,mp-1112106,-1.98213,-2.01273,30.60386,0.33194,0.47488,0.59696,0.70257,0.88529,6.89470,-2.00584,6.89470,
Rb2HgAuBr6,mp-1113546,-1.18265,-1.24755,64.89696,0.17752,0.25428,0.33663,0.44167,0.78423,61.48724,-1.18606,61.48724,
Rb2AlAgCl6,mp-1111472,-1.78999,-1.91424,124.24607,0.06918,0.09334,0.11803,0.15038,0.37363,52.51037,-1.86173,52.51037,
Na2YCuBr6,mp-1111744,-1.66529,-1.76780,102.51152,0.09578,0.13133,0.16944,0.22050,0.54113,179.02993,-1.58877,179.02993,
Cs2YCuI6,mp-1112877,-1.32798,-1.46393,135.94965,0.05869,0.07808,0.09810,0.12456,0.30106,66.80352,-1.39713,66.80352,
Rb2VAgF6,mp-1110597,-2.66684,-2.76701,100.16888,0.09936,0.13638,0.17668,0.23062,0.56062,59.89350,-2.70712,59.89350,
K2GaAuCl6,mp-1112427,-1.51022,-1.70197,191.75149,0.02799,0.03629,0.04418,0.05394,0.11324,166.13163,-1.53584,166.13163,
Li2InCuCl6,mp-1111123,-1.49780,-1.57847,80.67046,0.13530,0.19095,0.25054,0.33154,0.70220,236.80299,-1.34167,236.80299,
K2InAsF6,mp-1112186,-2.56132,-2.72844,167.12149,0.03856,0.05023,0.06198,0.07652,0.17071,222.55455,-2.50589,222.55455,
Rb2InAgBr6,mp-1111729,-1.38687,-1.46931,82.44225,0.13145,0.18519,0.24210,0.32114,0.69127,30.51795,-1.43879,30.51795,
K2AgRuF6,mp-1112276,-2.21399,-2.26945,55.45766,0.20884,0.30387,0.39998,0.51629,0.82097,42.14400,-2.22730,42.14400,
Cs2TlRuF6,mp-1112339,-2.48389,-2.38906,-94.83165,0.92344,0.94206,0.95177,0.95958,0.97489,0.00000,-2.40770,-18.64409,
Cs2AlCuCl6,mp-1113187,-1.78682,-1.93723,150.40545,0.04804,0.06357,0.07886,0.09902,0.22966,129.54786,-1.80768,129.54786,
K2TaAgCl6,mp-1112083,-1.66364,-1.82944,165.79606,0.03924,0.05107,0.06318,0.07824,0.17485,225.54778,-1.60389,225.54778,
Cs2CaMnF6,,,,,,,,,,,,,ValueError: control compound Cs2CaMnF6 not in MP entries
Cs2HgBiF6,mp-1113179,-2.51379,-2.57636,62.57249,0.18485,0.26550,0.35182,0.45907,0.79420,70.42037,-2.50594,70.42037,
Cs2CeCuI6,mp-1113362,-1.39411,-1.44845,54.33911,0.21318,0.30984,0.40798,0.52561,0.82474,53.81328,-1.39464,53.81328,
K2HoTeO6,,,,,,,,,,,,,ValueError: control compound K2HoTeO6 not in MP entries
Cs2TaCuI6,mp-1112879,-0.95596,-1.08213,126.17411,0.06733,0.09033,0.11430,0.14561,0.36096,202.86680,-0.87927,202.86680,
Cs2InAgF6,mp-1113588,-2.54556,-2.59889,53.32728,0.21735,0.31589,0.41529,0.53386,0.82796,0.00000,-2.63667,-37.78103,
K2NdCuBr6,mp-1110908,-1.74997,-1.86577,115.80316,0.07822,0.10603,0.13500,0.17484,0.43461,97.47645,-1.76830,97.47645,
K2CrHgF6,mp-1111938,-2.56864,-2.77326,204.61628,0.02358,0.03073,0.03739,0.04536,0.09282,136.38019,-2.63688,136.38019,
K2HgAsCl6,mp-1112212,-1.50260,-1.54437,41.77015,0.26935,0.39051,0.50588,0.62625,0.86109,93.80674,-1.45056,93.80674,
Cs2CuSbI6,mp-1112882,-0.95151,-1.05278,101.26636,0.09760,0.13398,0.17328,0.22546,0.55177,59.63699,-0.99314,59.63699,
Na2CrAuF6,mp-1111086,-2.34643,-2.65126,304.83244,0.00867,0.01034,0.01182,0.01344,0.02350,286.64266,-2.36462,286.64266,
Rb2MnAuF6,mp-1110588,-2.48683,-2.61020,123.36858,0.07012,0.09459,0.11971,0.15287,0.37944,166.73358,-2.44347,166.73358,
K2AlHgBr6,mp-1112211,-1.44684,-1.60495,158.10805,0.04329,0.05691,0.07041,0.08785,0.19917,154.35157,-1.45060,154.35157,
Rb2SbAuF6,mp-1111402,-2.29384,-2.59182,297.98371,0.00921,0.01111,0.01252,0.01451,0.02599,251.33543,-2.34049,251.33543,
K2MnAuF6,mp-1112261,-2.49613,-2.60365,107.52107,0.08865,0.12137,0.15510,0.20127,0.49987,169.79985,-2.43385,169.79985,
K2NdAuCl6,mp-1112422,-1.98595,-2.14719,161.23618,0.04169,0.05437,0.06727,0.08369,0.18915,171.18855,-1.97600,171.18855,
K2AlInI6,mp-1112023,-1.11440,-1.20686,92.45876,0.11202,0.15528,0.20151,0.26603,0.62122,113.78904,-1.09307,113.78904,
K2ErCuCl6,mp-1112164,-2.10877,-2.16875,59.98106,0.19315,0.27868,0.36873,0.47975,0.80457,57.33274,-2.11142,57.33274,
Rb2AgAsF6,mp-1110613,-2.40410,-2.47757,73.46944,0.15259,0.21681,0.28691,0.37877,0.74288,46.47773,-2.43109,46.47773,
K2TiAuF6,mp-1111957,-2.85660,-3.18462,328.01654,0.00703,0.00836,0.00962,0.01111,0.01781,373.13362,-2.81148,373.13362,
Na2HgMoF6,mp-1111063,-2.33949,-2.56403,224.54226,0.01849,0.02361,0.02892,0.03495,0.06892,329.39208,-2.23464,329.39208,
Rb2HgAsF6,mp-1112408,-2.41946,-2.47757,58.10944,0.19917,0.28869,0.38131,0.49510,0.81188,94.77723,-2.38279,94.77723,
K2YAuBr6,mp-1112058,-1.73629,-1.82391,87.62281,0.12118,0.16899,0.22008,0.29157,0.65693,120.23071,-1.70368,120.23071,
Rb2ErCuCl6,mp-1113288,-2.12615,-2.17654,50.38765,0.22977,0.33336,0.43781,0.55873,0.83743,37.98437,-2.13855,37.98437,
K2TlInF6,mp-1111423,-2.71845,-2.78418,65.73257,0.17500,0.25031,0.33111,0.43518,0.78047,57.66579,-2.72652,57.66579,
Cs2CuAuCl6,mp-1113490,-1.36867,-1.45168,83.01186,0.13030,0.18346,0.23970,0.31766,0.68774,58.11450,-1.39357,58.11450,
Na2InHgF6,mp-1111168,-2.30697,-2.63003,323.06417,0.00734,0.00888,0.01006,0.01156,0.01877,281.17478,-2.34886,281.17478,
Cs2GaHgBr6,mp-1113302,-1.37868,-1.51843,139.74933,0.05573,0.07364,0.09269,0.11689,0.27990,97.61610,-1.42081,97.61610,
Na2MoAuF6,mp-1111302,-2.26856,-2.53117,262.60763,0.01254,0.01530,0.01790,0.02128,0.04094,344.54958,-2.18662,344.54958,
Na2TbCuCl6,mp-1111485,-1.87484,-2.07693,202.08880,0.02446,0.03170,0.03859,0.04700,0.09645,157.10924,-1.91982,157.10924,
Rb2AgIrF6,mp-1110607,-2.11988,-2.23113,111.24554,0.08367,0.11416,0.14539,0.18912,0.46964,64.14364,-2.16698,64.14364,
Cs2YHgF6,mp-1112607,-2.97704,-3.22990,252.85659,0.01380,0.01695,0.01998,0.02418,0.04645,91.48386,-3.13841,91.48386,
Rb2TaCuBr6,mp-1113344,-1.29957,-1.49168,192.11005,0.02784,0.03614,0.04396,0.05362,0.11266,219.18992,-1.27249,219.18992,
K2TaAuF6,mp-1112417,-2.58626,-3.04874,462.47796,0.00285,0.00319,0.00346,0.00382,0.00537,340.78700,-2.70795,340.78700,
Rb2InSbI6,mp-1114191,-1.08018,-1.11569,35.50615,0.30354,0.43677,0.55776,0.67164,0.87531,65.78243,-1.04990,65.78243,
Cs2ScAgI6,mp-1112938,-1.35916,-1.38548,26.31807,0.35995,0.50954,0.62971,0.72762,0.89327,0.00000,-1.39054,-5.06213,
Na2PrWO6,mp-1516196,-2.55119,-2.50470,-46.48926,0.82730,0.87965,0.90559,0.92510,0.96016,93.53953,-2.41116,93.53953,
K2BaOsO6,,,,,,,,,,,,,ValueError: control compound K2BaOsO6 not in MP entries
Cs2HgPbF6,,,,,,,,,,,,,ValueError: control compound Cs2HgPbF6 not in MP entries
Na2AgIrF6,mp-1111325,-1.91999,-2.07342,153.42630,0.04616,0.06083,0.07512,0.09451,0.21704,98.43428,-1.97498,98.43428,
Rb2AlInI6,mp-1114138,-1.13674,-1.21301,76.26906,0.14534,0.20568,0.27200,0.36027,0.72786,77.45341,-1.13556,77.45341,
K2TlAsCl6,mp-1111588,-1.57506,-1.63945,64.39118,0.17889,0.25686,0.33954,0.44555,0.78641,56.64383,-1.58281,56.64383,
Rb2TiTlF6,mp-1113853,-3.15096,-3.13783,-13.13333,0.66226,0.77563,0.83267,0.87243,0.94073,73.92712,-3.06390,73.92712,
Rb2AgAuBr6,mp-1111734,-1.15586,-1.20856,52.70344,0.21983,0.31954,0.42008,0.53923,0.83008,32.12874,-1.17643,32.12874,
Rb2SbAuI6,mp-1111790,-0.91204,-1.00749,95.45093,0.10660,0.14762,0.19165,0.25155,0.59810,68.31563,-0.93918,68.31563,
Cs2TlVF6,mp-557533,-2.81347,-2.88738,73.90534,0.15128,0.21505,0.28462,0.37591,0.74040,0.00000,-2.95154,-64.16209,
Li2CrWO6,mp-754450,-2.16576,-2.27661,110.84784,0.08421,0.11484,0.14654,0.19038,0.47290,70.04498,-2.20656,70.04498,
K2TlHgBr6,mp-1112026,-1.31661,-1.36712,50.50657,0.22907,0.33259,0.43677,0.55776,0.83688,72.37953,-1.29474,72.37953,
K2TlVF6,mp-1111367,-2.76873,-2.91645,147.72403,0.04985,0.06608,0.08184,0.10308,0.24099,103.33288,-2.81312,103.33288,
Rb2GaHgF6,mp-1113779,-2.58547,-2.69741,111.93909,0.08279,0.11295,0.14374,0.18684,0.46393,73.60329,-2.62381,73.60329,
Cs2InGaBr6,mp-1112627,-1.54189,-1.56673,24.84254,0.36962,0.52151,0.64081,0.73527,0.89570,32.42424,-1.53431,32.42424,
Li2AlAgF6,mp-1111366,-2.85058,-3.08275,232.17350,0.01708,0.02139,0.02627,0.03165,0.06196,308.72688,-2.77403,308.72688,
K2InAsCl6,mp-1112187,-1.60037,-1.69862,98.25033,0.10232,0.14069,0.18253,0.23885,0.57575,138.04484,-1.56058,138.04484,
Rb2InAgF6,mp-1110608,-2.48291,-2.60183,118.92190,0.07456,0.10126,0.12842,0.16489,0.41093,0.00000,-2.62308,-21.24950,
Rb2MnTlF6,mp-1113634,-2.78716,-2.77039,-16.76509,0.68638,0.79123,0.84373,0.88025,0.94327,47.40024,-2.72299,47.40024,
Na2CuAuCl6,mp-1111511,-1.16038,-1.32861,168.23317,0.03801,0.04943,0.06097,0.07529,0.16701,131.52794,-1.19709,131.52794,
Na2CuAsF6,mp-1111289,-2.25703,-2.45437,197.34459,0.02619,0.03379,0.04107,0.05011,0.10359,207.71084,-2.24666,207.71084,
Cs2AlInBr6,mp-1113281,-1.64794,-1.68748,39.53702,0.28095,0.40655,0.52392,0.64294,0.86634,51.42163,-1.63606,51.42163,
Cs2NdCuI6,mp-1112884,-1.39664,-1.45144,54.80177,0.21132,0.30729,0.40463,0.52183,0.82327,49.07020,-1.40237,49.07020,
Cs2TlHgI6,mp-1113282,-1.11127,-1.10549,-5.77913,0.60754,0.73865,0.80742,0.85502,0.93452,61.67076,-1.04382,61.67076,
K2AgRhF6,mp-1111950,-2.23464,-2.24193,7.28557,0.50193,0.65929,0.74901,0.81480,0.92092,0.00000,-2.25152,-9.59210,
K2AsAuF6,mp-1112267,-2.27286,-2.48812,215.25562,0.02061,0.02694,0.03248,0.03952,0.07899,252.94837,-2.23517,252.94837,
Na2GaAgF6,mp-1111329,-2.33080,-2.65150,320.70011,0.00745,0.00903,0.01025,0.01174,0.01932,125.29295,-2.52621,125.29295,
Rb2AlAuBr6,mp-1111722,-1.35110,-1.56661,215.50998,0.02055,0.02685,0.03234,0.03932,0.07866,153.43678,-1.41317,153.43678,
Na2AlHgBr6,mp-1111743,-1.27523,-1.51381,238.58107,0.01589,0.01987,0.02394,0.02920,0.05659,258.60237,-1.25521,258.60237,
K2ScHgCl6,mp-1111990,-2.04263,-2.12970,87.07196,0.12224,0.17089,0.22219,0.29474,0.66084,141.86687,-1.98784,141.86687,
Rb2GaAuI6,mp-1111793,-0.96786,-1.04992,82.05927,0.13233,0.18649,0.24381,0.32335,0.69382,104.40414,-0.94552,104.40414,
Na2VPO6,mp-559869,-2.46767,-2.51095,43.28300,0.26211,0.38014,0.49369,0.61494,0.85750,0.00000,-2.52264,-11.68976,
K2PrAgCl6,mp-1110913,-2.11275,-2.18707,74.31642,0.15012,0.21330,0.28230,0.37318,0.73814,78.30169,-2.10876,78.30169,
Rb2SmAgCl6,mp-1111725,-2.10841,-2.18733,78.92142,0.13910,0.19664,0.25894,0.34261,0.71294,22.78296,-2.16455,22.78296,
Na2CuSbF6,mp-1111272,-2.32878,-2.59149,262.71085,0.01254,0.01530,0.01788,0.02126,0.04090,288.19534,-2.30330,288.19534,
Na2ErCuCl6,mp-1111508,-1.94057,-2.08130,140.73023,0.05492,0.07275,0.09102,0.11505,0.27463,154.56221,-1.92674,154.56221,
Cs2CuBiI6,mp-1113070,-1.05530,-1.09649,41.18671,0.27229,0.39470,0.51049,0.63068,0.86244,61.90391,-1.03458,61.90391,
K2HgAsF6,mp-1112207,-2.40784,-2.48812,80.27562,0.13612,0.19222,0.25254,0.33409,0.70463,135.66870,-2.35245,135.66870,
K2PrAgBr6,mp-1110914,-1.80049,-1.89198,91.48721,0.11373,0.15798,0.20484,0.27099,0.62841,83.77545,-1.80820,83.77545,
Rb2TlHgBr6,mp-1114086,-1.34642,-1.36430,17.88091,0.41864,0.57878,0.68855,0.77128,0.90628,27.81690,-1.33648,27.81690,
K2InAgBr6,mp-1112464,-1.35181,-1.45605,104.24244,0.09334,0.12779,0.16410,0.21366,0.52628,53.46415,-1.40259,53.46415,
Cs2TlPdF6,mp-1112343,-2.33141,-2.34447,13.06106,0.45554,0.61663,0.71774,0.79202,0.91343,34.50310,-2.30997,34.50310,
Rb2AlHgBr6,mp-1113563,-1.48327,-1.61159,128.31740,0.06555,0.08752,0.11047,0.14059,0.34682,124.76709,-1.48682,124.76709,
K2AgSbI6,mp-1110949,-0.87825,-1.02368,145.42962,0.05136,0.06800,0.08480,0.10667,0.25169,65.47071,-0.95821,65.47071,
Rb2CeAgF6,mp-1111844,-3.08887,-3.17812,89.25012,0.11800,0.16407,0.21360,0.28261,0.64483,58.82644,-3.11929,58.82644,
Cs2TlAgF6,mp-1113150,-2.38949,-2.33626,-53.22981,0.84786,0.89258,0.91538,0.93200,0.96299,0.00000,-2.36600,-29.74224,
Cs2TlCoF6,mp-1112565,-2.51933,-2.55972,40.39292,0.27650,0.40044,0.51690,0.63685,0.86427,51.12289,-2.50860,51.12289,
Rb2HgAuF6,mp-1113476,-2.06309,-2.13789,74.79863,0.14907,0.21136,0.27965,0.37002,0.73556,100.69849,-2.03719,100.69849,
Li2CrPO6,mp-778669,-2.51205,-2.41146,-100.58632,0.92949,0.94595,0.95506,0.96191,0.97605,91.78533,-2.31968,91.78533,
K2AgMoI6,mp-1110951,-0.87756,-0.95923,81.67426,0.13320,0.18769,0.24569,0.32566,0.69619,103.81150,-0.85542,103.81150,
Rb2TlSbBr6,mp-1114113,-1.42730,-1.48901,61.70602,0.18758,0.26971,0.35747,0.46592,0.79801,40.30631,-1.44870,40.30631,
Na2AlHgCl6,mp-1111667,-1.55155,-1.83273,281.18419,0.01070,0.01271,0.01474,0.01723,0.03203,265.25275,-1.56748,265.25275,
Rb2TlCuF6,mp-1113791,-2.34585,-2.40886,63.01193,0.18346,0.26336,0.34874,0.45589,0.79220,19.12011,-2.38974,19.12011,
Cs2TlInBr6,mp-996944,-1.52637,-1.54891,22.53556,0.38508,0.54100,0.65767,0.74781,0.89940,0.00000,-1.58119,-32.28094,
Na2AgPdF6,mp-1111321,-2.06743,-2.12514,57.71450,0.20063,0.29107,0.38390,0.49802,0.81320,135.77139,-1.98937,135.77139,
Rb2TlVF6,mp-1113849,-2.77694,-2.84946,72.52406,0.15510,0.22046,0.29211,0.38514,0.74785,8.41617,-2.84105,8.41617,
Cs2CuSbCl6,mp-1111461,-1.56440,-1.64900,84.60374,0.12711,0.17839,0.23304,0.30848,0.67770,36.21192,-1.61279,36.21192,
Cs2GaHgF6,mp-1113098,-2.58250,-2.71996,137.45714,0.05740,0.07620,0.09588,0.12149,0.29264,90.34709,-2.62961,90.34709,
K2LaAuCl6,mp-1112425,-2.01753,-2.18928,171.74923,0.03629,0.04724,0.05793,0.07177,0.15729,178.90077,-2.01038,178.90077,
Cs2AlTlBr6,mp-1112506,-1.60067,-1.72992,129.24939,0.06458,0.08644,0.10878,0.13847,0.34058,56.01439,-1.67390,56.01439,
Na2NbBiO6,mp-1522192,-2.13777,-2.21481,77.03987,0.14352,0.20282,0.26803,0.35521,0.72367,121.66761,-2.09314,121.66761,
K2TlHgI6,mp-1112024,-0.98911,-1.05460,65.49410,0.17566,0.25133,0.33266,0.43686,0.78158,107.31625,-0.94729,107.31625,
Cs2TlSbF6,mp-1112551,-2.58896,-2.72777,138.81460,0.05646,0.07473,0.09393,0.11889,0.28511,46.43532,-2.68134,46.43532,
Cs2SrOsO6,,,,,,,,,,,,,ValueError: control compound Cs2SrOsO6 not in MP entries
K2PrTeO6,,,,,,,,,,,,,ValueError: control compound K2PrTeO6 not in MP entries
Rb2SrOsO6,,,,,,,,,,,,,ValueError: control compound Rb2SrOsO6 not in MP entries
Rb2HgAsBr6,mp-1113564,-1.29311,-1.29508,1.96882,0.54598,0.69442,0.77520,0.83238,0.92667,29.33993,-1.26574,29.33993,
K2CuSbBr6,mp-1110906,-1.26062,-1.32031,59.69430,0.19415,0.28021,0.37064,0.48205,0.80564,23.94968,-1.29636,23.94968,
Cs2ErAgF6,,,,,,,,,,,,,ValueError: control compound Cs2ErAgF6 not in MP entries
Cs2GaAgCl6,mp-1113623,-1.71410,-1.77580,61.70188,0.18758,0.26971,0.35747,0.46592,0.79801,68.19705,-1.70760,68.19705,
K2InGaBr6,mp-1112184,-1.48814,-1.53752,49.38084,0.23389,0.33959,0.44561,0.56677,0.84028,87.52528,-1.45000,87.52528,
Cs2EuCuCl6,mp-1113208,-2.03704,-2.05020,13.15828,0.45502,0.61585,0.71728,0.79156,0.91334,0.00000,-2.07172,-21.52069,
Rb2TlCuCl6,mp-1111482,-1.60436,-1.57385,-30.51450,0.76382,0.84003,0.87766,0.90421,0.95216,23.73679,-1.55011,23.73679,
Rb2SbAuBr6,mp-1111716,-1.20986,-1.35229,142.43347,0.05332,0.07105,0.08873,0.11204,0.26613,77.34517,-1.27495,77.34517,
Na2EuCuCl6,mp-1111507,-1.85172,-1.97289,121.16727,0.07235,0.09775,0.12402,0.15881,0.39487,146.61591,-1.82627,146.61591,
Rb2TiHgF6,mp-1113935,-3.03129,-3.12037,89.08452,0.11845,0.16452,0.21430,0.28352,0.64610,34.17671,-3.08620,34.17671,
K2TlGaBr6,mp-1111137,-1.39522,-1.57996,184.74321,0.03070,0.03975,0.04841,0.05984,0.12681,128.49237,-1.45147,128.49237,
Rb2AgAuF6,mp-1110612,-2.07619,-2.08441,8.22346,0.49409,0.65245,0.74435,0.81145,0.91975,54.79653,-2.02962,54.79653,
K2TlAuBr6,mp-1111585,-1.21280,-1.29665,83.84927,0.12861,0.18069,0.23632,0.31284,0.68257,78.65014,-1.21800,78.65014,
K2CoNiF6,,,,,,,,,,,,,ValueError: control compound K2CoNiF6 not in MP entries
K2InAgCl6,mp-1110874,-1.59584,-1.68620,90.36076,0.11570,0.16116,0.20913,0.27668,0.63709,6.18920,-1.68001,6.18920,
Cs2AgAuF6,mp-1113576,-2.03755,-2.07889,41.34068,0.27164,0.39355,0.50925,0.62951,0.86211,46.22055,-2.03267,46.22055,
K2AgSbCl6,mp-1110873,-1.55020,-1.60600,55.80301,0.20757,0.30184,0.39736,0.51353,0.81956,26.07350,-1.57993,26.07350,
Rb2HgMoF6,mp-1112226,-2.51684,-2.60320,86.36377,0.12358,0.17303,0.22507,0.29861,0.66580,120.98837,-2.48222,120.98837,
Na2EuC(OF)3,mp-556836,-2.67629,-2.81865,142.36398,0.05337,0.07112,0.08881,0.11227,0.26647,0.00000,-2.84317,-24.51746,
Cs2HgBiBr6,mp-1112905,-1.43106,-1.46887,37.80704,0.29043,0.41929,0.53845,0.65551,0.87032,41.19687,-1.42767,41.19687,
Cs2GdAuCl6,mp-1112633,-2.08079,-2.17393,93.14095,0.11077,0.15346,0.19902,0.26281,0.61593,98.14721,-2.07578,98.14721,
K2MnHgF6,mp-1111955,-2.53627,-2.64502,108.74659,0.08691,0.11900,0.15175,0.19711,0.48984,37.62911,-2.60739,37.62911,
Rb2AgRuF6,mp-1110601,-2.20856,-2.27008,61.52103,0.18818,0.27084,0.35871,0.46738,0.79874,26.32574,-2.24376,26.32574,
