formula,legacy_steric_pass,ox_ok,rA,rB,rX,t,mu,tau,tau_perovskite,ox_states,p_semi,gap_pred_eV,gap_sigma_eV,ef_pred_eV_atom,gap_lo90_eV,gap_hi90_eV,p_gap_pv,p_pv_absorber,toxic,stage_fail,hull_surface_ef,ehull_pred_meV,p_ehull_le_0,p_ehull_le_20,p_ehull_le_35,p_ehull_le_50,p_ehull_le_100,status,mp_ehull_meV,mp_entry_id,p_stable50,p_viable,flag_hull_extrapolation,flag_ox_implausible,plausible,p_viable_plausible,a_site,role
Cs2BiAgBr3I3,False,True,1.88000,1.09000,2.08000,0.88333,0.52404,4.07243,True,Cs+1;Bi+3;Ag+1;Br-1;I-1,0.89217,1.32032,0.29658,-1.27372,0.73072,1.90992,0.75574,0.67425,False,pass,-1.30277,29.05123,0.34179,0.48739,0.60885,0.71222,0.88838,stable_likely,,,0.71222,0.48021,False,False,True,0.48021,Cs,novel
Rb2GeMnCl6,False,True,1.72000,0.78000,1.81000,0.96374,0.43094,4.10904,True,Rb+1;Ge+2;Mn+2;Cl-1,0.85899,1.31831,0.52063,-1.76785,0.28329,2.35333,0.53123,0.45632,False,pass,-1.75755,-10.30173,0.64183,0.76271,0.82370,0.86599,0.93850,stable_likely,,,0.86599,0.39517,False,False,True,0.39517,Rb,novel
K2GeMnCl6,False,True,1.64000,0.78000,1.81000,0.94190,0.43094,4.14974,True,K+1;Ge+2;Mn+2;Cl-1,0.83998,1.31747,0.50681,-1.74959,0.30992,2.32502,0.54043,0.45395,False,pass,-1.73916,-10.43355,0.64276,0.76338,0.82412,0.86625,0.93864,stable_likely,,,0.86625,0.39323,False,False,True,0.39323,K,novel
Cs2GeMnCl6,False,True,1.88000,0.78000,1.81000,1.00742,0.43094,4.06027,True,Cs+1;Ge+2;Mn+2;Cl-1,0.84711,1.39475,0.55350,-1.80237,0.29438,2.49512,0.49730,0.42127,False,pass,-1.78537,-17.00354,0.68784,0.79228,0.84435,0.88057,0.94350,stable_likely,,,0.88057,0.37096,False,False,True,0.37096,Cs,novel
Cs2SbAgF3Cl3,False,True,1.88000,0.95500,1.57000,0.96615,0.60828,3.55043,True,Cs+1;Sb+3;Ag+1;F-1;Cl-1,0.91549,1.69614,0.44872,-2.16044,0.80407,2.58822,0.46438,0.42514,False,pass,-2.16247,2.03259,0.54534,0.69400,0.77489,0.83219,0.92661,stable_likely,,,0.83219,0.35379,False,False,True,0.35379,Cs,novel
Rb2SbAgF3Cl3,False,True,1.72000,0.95500,1.57000,0.92134,0.60828,3.70507,True,Rb+1;Sb+3;Ag+1;F-1;Cl-1,0.92217,1.70396,0.46786,-2.14845,0.77385,2.63407,0.44919,0.41423,False,pass,-2.14888,0.43406,0.55832,0.70357,0.78186,0.83720,0.92843,stable_likely,,,0.83720,0.34679,False,False,True,0.34679,Rb,novel
Cs2MnCuCl3Br3,False,True,1.88000,0.78000,1.88500,0.99897,0.41379,4.15643,True,Cs+1;Mn+2;Cu+2;Cl-1;Br-1,0.67250,1.36687,0.42474,-1.55289,0.52247,2.21127,0.61715,0.41504,False,pass,-1.55501,2.12252,0.54463,0.69337,0.77453,0.83203,0.92653,stable_likely,,,0.83203,0.34532,False,False,True,0.34532,Cs,novel
K2GeCuF3Cl3,False,True,1.64000,0.73000,1.57000,0.98688,0.46497,3.92627,True,K+1;Ge+2;Cu+2;F-1;Cl-1,0.67838,1.18619,0.46469,-2.20671,0.26236,2.11002,0.55047,0.37343,False,pass,-2.17268,-34.03158,0.77953,0.85029,0.88468,0.90912,0.95425,stable_likely,,,0.90912,0.33949,False,False,True,0.33949,K,novel
Rb2GeFeCl6,False,True,1.72000,0.75500,1.81000,0.97313,0.41713,4.16423,True,Rb+1;Ge+2;Fe+2;Cl-1,0.85380,1.09831,0.52280,-1.64665,0.05897,2.13765,0.48135,0.41097,False,pass,-1.65565,8.99904,0.48780,0.64673,0.73982,0.80828,0.91886,stable_likely,,,0.80828,0.33218,False,False,True,0.33218,Rb,novel
Cs2GeMnCl3Br3,False,True,1.88000,0.78000,1.88500,0.99897,0.41379,4.15643,True,Cs+1;Ge+2;Mn+2;Cl-1;Br-1,0.86379,1.46452,0.49667,-1.62548,0.47712,2.45193,0.53317,0.46055,False,pass,-1.65362,28.14269,0.34799,0.49481,0.61593,0.71735,0.89007,stable_likely,,,0.71735,0.33037,False,False,True,0.33037,Cs,novel
K2MnZnCl6,False,True,1.64000,0.78500,1.81000,0.94008,0.43370,4.14132,True,K+1;Mn+2;Zn+2;Cl-1,0.68359,1.45327,0.51018,-1.87271,0.43902,2.46752,0.52439,0.35847,False,pass,-1.84810,-24.61363,0.73236,0.82123,0.86429,0.89485,0.94874,stable_likely,,,0.89485,0.32077,False,False,True,0.32077,K,novel
K2SbAgF3Cl3,False,True,1.64000,0.95500,1.57000,0.89894,0.60828,3.81977,True,K+1;Sb+3;Ag+1;F-1;Cl-1,0.91740,1.68381,0.50490,-2.12680,0.68006,2.68757,0.43788,0.40171,False,pass,-2.14422,17.42024,0.42217,0.58244,0.69135,0.77333,0.90700,stable_likely,,,0.77333,0.31066,False,False,True,0.31066,K,novel
Cs2SbCuS3F3,False,True,1.88000,0.66500,1.58500,1.08894,0.41956,4.10378,True,Cs+1;Sb+5;Cu+2;S-2;F-1,0.67973,1.30112,0.54741,-1.81576,0.21286,2.38938,0.51291,0.34864,False,pass,-1.79535,-20.41248,0.70883,0.80605,0.85401,0.88727,0.94579,stable_likely,,,0.88727,0.30934,False,False,True,0.30934,Cs,novel
Cs2GeCuF3Cl3,False,True,1.88000,0.73000,1.57000,1.06066,0.46497,3.87308,True,Cs+1;Ge+2;Cu+2;F-1;Cl-1,0.68634,1.38241,0.56300,-2.22066,0.26314,2.50167,0.49342,0.33865,False,pass,-2.18891,-31.74519,0.76958,0.84368,0.88019,0.90585,0.95285,stable_likely,,,0.90585,0.30677,False,False,True,0.30677,Cs,novel
K2SbCuS3F3,False,True,1.64000,0.66500,1.58500,1.01352,0.41956,4.11555,True,K+1;Sb+5;Cu+2;S-2;F-1,0.67867,1.42283,0.55468,-1.82570,0.32010,2.52556,0.49299,0.33458,False,pass,-1.79444,-31.25559,0.76731,0.84232,0.87908,0.90529,0.95264,stable_likely,,,0.90529,0.30289,False,False,True,0.30289,K,novel
Rb2AgInF3Cl3,False,True,1.72000,0.97500,1.57000,0.91410,0.62102,3.71803,True,Rb+1;Ag+1;In+3;F-1;Cl-1,0.66925,1.45065,0.56959,-2.24546,0.31828,2.58302,0.47730,0.31943,False,pass,-2.20242,-43.03746,0.81580,0.87220,0.90054,0.92139,0.95867,stable_likely,,,0.92139,0.29432,False,False,True,0.29432,Rb,novel
Rb2BiAgF3Cl3,False,True,1.72000,1.09000,1.57000,0.87458,0.69427,3.89974,True,Rb+1;Bi+3;Ag+1;F-1;Cl-1,0.91009,1.84443,0.47246,-2.18341,0.90517,2.78369,0.36808,0.33498,False,pass,-2.17832,-5.08927,0.60255,0.73491,0.80487,0.85304,0.93378,stable_likely,,,0.85304,0.28576,False,False,True,0.28576,Rb,novel
Cs2WAgS3Br3,False,True,1.88000,0.87500,1.90000,0.96319,0.46053,3.98074,True,Cs+1;W+6;Ag+1;S-2;Br-1,0.80041,1.43908,0.29289,-1.25480,0.85681,2.02135,0.76587,0.61301,False,pass,-1.31770,62.90057,0.18390,0.26384,0.34943,0.45675,0.79271,unstable_likely,,,0.45675,0.27999,False,False,True,0.27999,Cs,novel
K2SbCuO3F3,True,True,1.64000,0.66500,1.36500,1.04673,0.48718,3.78473,True,K+1;Sb+5;Cu+2;O-2;F-1,0.58772,1.33503,0.54621,-2.27973,0.24915,2.42091,0.51030,0.29991,False,pass,-2.23382,-45.91392,0.82562,0.87840,0.90480,0.92454,0.95994,stable_likely,,,0.92454,0.27728,False,False,True,0.27728,K,novel
K2AgInF3Cl3,False,True,1.64000,0.97500,1.57000,0.89187,0.62102,3.84488,True,K+1;Ag+1;In+3;F-1;Cl-1,0.67018,1.45290,0.57701,-2.21880,0.30579,2.60001,0.47248,0.31665,False,pass,-2.20979,-9.01130,0.63210,0.75611,0.81905,0.86283,0.93729,stable_likely,,,0.86283,0.27321,False,False,True,0.27321,K,novel
Rb2CrMnS3F3,False,True,1.72000,0.66000,1.58500,1.04097,0.41640,4.12228,True,Rb+1;Cr+5;Mn+2;S-2;F-1,0.81822,1.63269,0.68030,-2.07020,0.28024,2.98514,0.37137,0.30386,False,pass,-2.05290,-17.29801,0.68964,0.79367,0.84531,0.88112,0.94371,stable_likely,,,0.88112,0.26774,False,False,True,0.26774,Rb,novel
Rb2MnZnCl6,False,True,1.72000,0.78500,1.81000,0.96188,0.43370,4.09907,True,Rb+1;Mn+2;Zn+2;Cl-1,0.66794,1.66340,0.50262,-1.88323,0.66417,2.66263,0.44885,0.29981,False,pass,-1.85976,-23.46791,0.72650,0.81728,0.86166,0.89297,0.94792,stable_likely,,,0.89297,0.26772,False,False,True,0.26772,Rb,novel
Cs2GeFeCl6,False,True,1.88000,0.75500,1.81000,1.01724,0.41713,4.12676,True,Cs+1;Ge+2;Fe+2;Cl-1,0.84218,0.98466,0.56078,-1.66008,-0.13019,2.09951,0.41788,0.35193,False,pass,-1.68037,20.29160,0.40113,0.55941,0.67303,0.75968,0.90292,stable_likely,,,0.75968,0.26735,False,False,True,0.26735,Cs,novel
Na2GeCuF3Cl3,False,True,1.39000,0.73000,1.57000,0.91002,0.46497,4.10731,True,Na+1;Ge+2;Cu+2;F-1;Cl-1,0.67539,1.10003,0.60846,-2.14481,-0.10961,2.30968,0.44100,0.29785,False,pass,-2.12178,-23.03039,0.72401,0.81580,0.86063,0.89223,0.94761,stable_likely,,,0.89223,0.26575,False,False,True,0.26575,Na,novel
Rb2FeSbS3F3,False,True,1.72000,0.69000,1.58500,1.02725,0.43533,4.02623,True,Rb+1;Fe+2;Sb+5;S-2;F-1,0.80317,1.71941,0.61874,-1.89472,0.48934,2.94948,0.36698,0.29475,False,pass,-1.87827,-16.44537,0.68434,0.78975,0.84278,0.87953,0.94311,stable_likely,,,0.87953,0.25924,False,False,True,0.25924,Rb,novel
Na2SbCuO3F3,True,True,1.39000,0.66500,1.36500,0.95964,0.48718,3.88771,True,Na+1;Sb+5;Cu+2;O-2;F-1,0.63400,1.32317,0.60370,-2.23598,0.12299,2.52335,0.47265,0.29966,False,pass,-2.22677,-9.20680,0.63374,0.75717,0.81962,0.86332,0.93752,stable_likely,,,0.86332,0.25870,False,False,True,0.25870,Na,novel
K2VMnSe3F3,False,True,1.64000,0.68500,1.65500,0.99569,0.41390,4.15841,True,K+1;V+5;Mn+2;Se-2;F-1,0.79025,1.44458,0.67054,-2.02948,0.11152,2.77764,0.41653,0.32916,False,pass,-2.04967,20.18655,0.40185,0.56049,0.67381,0.76019,0.90314,stable_likely,,,0.76019,0.25023,False,False,True,0.25023,K,novel
Rb2FeZnCl6,False,True,1.72000,0.76000,1.81000,0.97124,0.41989,4.15247,True,Rb+1;Fe+2;Zn+2;Cl-1,0.69460,1.36642,0.47134,-1.71498,0.42939,2.30346,0.57157,0.39702,False,pass,-1.75631,41.32788,0.27175,0.39372,0.50944,0.62966,0.86215,stable_likely,,,0.62966,0.24998,False,False,True,0.24998,Rb,novel
K2CrMnS3F3,False,True,1.64000,0.66000,1.58500,1.01578,0.41640,4.13148,True,K+1;Cr+5;Mn+2;S-2;F-1,0.78714,1.65481,0.68576,-2.06784,0.29150,3.01812,0.36318,0.28587,False,pass,-2.05915,-8.69390,0.62975,0.75429,0.81801,0.86225,0.93703,stable_likely,,,0.86225,0.24649,False,False,True,0.24649,K,novel
Rb2SnFeS3F3,False,True,1.72000,0.66750,1.58500,1.03751,0.42114,4.09685,True,Rb+1;Sn+4;Fe+3;S-2;F-1,0.86445,1.73589,0.64265,-1.90964,0.45828,3.01350,0.35221,0.30447,False,pass,-1.92365,14.01146,0.44842,0.60918,0.71242,0.78797,0.91199,stable_likely,,,0.78797,0.23991,False,False,True,0.23991,Rb,novel
Cs2BiAgBr6,False,True,1.88000,1.09000,1.96000,0.89026,0.55612,3.96234,True,Cs+1;Bi+3;Ag+1;Br-1,0.90334,1.28506,0.31660,-1.40118,0.65565,1.91447,0.72181,0.65204,False,pass,-1.46053,59.35298,0.19525,0.28209,0.37297,0.48479,0.80693,known_mp,0.94906,"{'identifier': 'mp-aaacjjbe', 'suffix': 'GGA', 'separator': '-'}",1.00000,0.65204,False,False,True,0.65204,Cs,control_known_mp
K2SbAgCl6,False,True,1.64000,0.95500,1.81000,0.88229,0.52762,4.07108,True,K+1;Sb+3;Ag+1;Cl-1,0.94794,1.47922,0.35526,-1.54959,0.77294,2.18549,0.67581,0.64063,False,pass,-1.60600,56.41301,0.20521,0.29832,0.39322,0.50875,0.81761,known_mp,26.07350,"{'identifier': 'mp-aaaclfhx', 'suffix': 'GGA', 'separator': '-'}",1.00000,0.64063,False,False,True,0.64063,K,control_known_mp
Rb2SbAgCl6,False,True,1.72000,0.95500,1.81000,0.90274,0.52762,3.95638,True,Rb+1;Sb+3;Ag+1;Cl-1,0.94924,1.49084,0.35541,-1.57794,0.78428,2.19741,0.66940,0.63541,False,pass,-1.61683,38.88723,0.28472,0.41125,0.52903,0.64765,0.86790,known_mp,0.00000,"{'identifier': 'mp-aaaclfff', 'suffix': 'GGA', 'separator': '-'}",1.00000,0.63542,False,False,True,0.63542,Rb,control_known_mp
Cs2SbAgCl6,False,True,1.88000,0.95500,1.81000,0.94366,0.52762,3.80174,True,Cs+1;Sb+3;Ag+1;Cl-1,0.94865,1.53882,0.35740,-1.59255,0.82830,2.24934,0.64433,0.61124,False,pass,-1.65468,62.13346,0.18622,0.26759,0.35452,0.46236,0.79617,known_mp,0.00000,"{'identifier': 'mp-aaaclijk', 'suffix': 'GGA', 'separator': '-'}",1.00000,0.61124,False,False,True,0.61124,Cs,control_known_mp
Rb2SbAgBr6,False,True,1.72000,0.95500,1.96000,0.89268,0.48724,4.11344,True,Rb+1;Sb+3;Ag+1;Br-1,0.94474,1.10072,0.28795,-1.33293,0.52827,1.67316,0.62635,0.59174,False,pass,-1.38793,54.99681,0.21051,0.30630,0.40316,0.52014,0.82263,known_mp,20.61370,"{'identifier': 'mp-aaaclffg', 'suffix': 'GGA', 'separator': '-'}",1.00000,0.59174,False,False,True,0.59174,Rb,control_known_mp
Cs2SbAgBr6,False,True,1.88000,0.95500,1.96000,0.93149,0.48724,3.95881,True,Cs+1;Sb+3;Ag+1;Br-1,0.94025,1.11561,0.31268,-1.37151,0.49399,1.73723,0.62517,0.58782,False,pass,-1.41775,46.23822,0.24759,0.36046,0.46974,0.59181,0.84959,known_mp,7.38033,"{'identifier': 'mp-aaaclijn', 'suffix': 'GGA', 'separator': '-'}",1.00000,0.58782,False,False,True,0.58782,Cs,control_known_mp
K2AgInCl6,False,True,1.64000,0.97500,1.81000,0.87595,0.53867,4.09104,True,K+1;Ag+1;In+3;Cl-1,0.69568,1.25058,0.40944,-1.60202,0.43660,2.06457,0.61386,0.42705,False,pass,-1.68620,84.18076,0.12790,0.17962,0.23472,0.31071,0.68032,known_mp,6.18920,"{'identifier': 'mp-aaaclfhy', 'suffix': 'GGA', 'separator': '-'}",1.00000,0.42705,False,False,True,0.42705,K,control_known_mp
Cs2AgInCl6,False,True,1.88000,0.97500,1.81000,0.93688,0.53867,3.79311,True,Cs+1;Ag+1;In+3;Cl-1,0.67994,1.38331,0.43659,-1.64164,0.51534,2.25127,0.60373,0.41050,False,pass,-1.74340,101.76127,0.09689,0.13296,0.17170,0.22354,0.54761,known_mp,0.00000,"{'identifier': 'mp-aaackkrm', 'suffix': 'GGA', 'separator': '-'}",1.00000,0.41050,False,False,True,0.41050,Cs,control_known_mp
Rb2BiAgCl6,False,True,1.72000,1.09000,1.81000,0.86072,0.60221,4.11992,True,Rb+1;Bi+3;Ag+1;Cl-1,0.92426,1.78848,0.35839,-1.62889,1.07599,2.50098,0.44092,0.40752,False,pass,-1.66604,37.15286,0.29412,0.42407,0.54434,0.66021,0.87189,known_mp,0.00000,"{'identifier': 'mp-aaaclffm', 'suffix': 'GGA', 'separator': '-'}",1.00000,0.40752,False,False,True,0.40752,Rb,control_known_mp
Rb2AgInCl6,False,True,1.72000,0.97500,1.81000,0.89626,0.53867,3.96418,True,Rb+1;Ag+1;In+3;Cl-1,0.66913,1.21829,0.42629,-1.61811,0.37081,2.06578,0.59183,0.39601,False,pass,-1.71253,94.42382,0.10849,0.14984,0.19502,0.25668,0.60598,known_mp,0.00000,"{'identifier': 'mp-aaaclgle', 'suffix': 'GGA', 'separator': '-'}",1.00000,0.39601,False,False,True,0.39601,Rb,control_known_mp
