formula,role,status,converged,e_per_atom,a_relaxed,umlip_ehull_vs_rest_meV,n_ref_phases,ml_ehull_pred_meV,mp_ehull_meV,error,seconds
Cs2BiAgBr3I3,novel,ok,True,-2.798463569067496,11.974758484478324,27.005025120679704,32,29.05123,,,41.2
Rb2GeMnCl6,novel,ok,True,-4.042971393842101,10.360203600088642,27.947725124204403,16,-10.30173,,,23.8
K2GeMnCl6,novel,ok,True,-4.040918324224078,10.316823778318797,29.397868793310522,16,-10.43355,,,18.0
Cs2GeMnCl6,novel,ok,True,-4.052319672660582,10.444594833614651,25.211113728643042,17,-17.00354,,,13.5
Cs2SbAgF3Cl3,novel,ok,True,-3.7918010519807135,10.434664890630359,58.58297514214694,60,2.03259,,,230.8
Rb2SbAgF3Cl3,novel,ok,True,-3.773533174318339,10.291683531323557,69.74305770444556,51,0.43406,,,44.3
Cs2MnCuCl3Br3,novel,ok,True,-3.7418745716816004,10.838795341926275,22.513765314558842,36,2.12252,,,34.6
K2GeCuF3Cl3,novel,ok,True,-3.9658004100448947,9.633584162472147,102.249363820067,31,-34.03158,,,54.8
Rb2GeFeCl6,novel,ok,True,-3.8332038492880742,10.265751964560597,63.83565280546888,17,8.99904,,,11.4
Cs2GeMnCl3Br3,novel,ok,True,-3.8615561495172583,10.777183852337801,46.0904578162582,34,28.14269,,,21.4
K2MnZnCl6,novel,ok,True,-3.7775237338307655,10.026002445421309,48.67338100993113,13,-24.61363,,,9.1
K2SbAgF3Cl3,novel,ok,True,-3.772448951212131,10.19758963488077,93.84388723575299,52,17.42024,,,55.8
Cs2SbCuS3F3,novel,ok,True,-4.102641169287901,10.044842505052006,223.7883163984451,62,-20.41248,,,112.0
Cs2GeCuF3Cl3,novel,ok,True,-3.9723327862183204,9.926826948187552,85.74248022742026,35,-31.74519,,,17.4
K2SbCuS3F3,novel,ok,True,-4.141623546633552,9.530021871365301,218.33515350301712,58,-31.25559,,,44.6
Rb2AgInF3Cl3,novel,ok,True,-3.707922243443016,9.930796224030466,52.81597472624311,42,-43.03746,,,24.9
Rb2BiAgF3Cl3,novel,ok,True,-3.7556701521560036,10.302787982821432,92.39643306457567,41,-5.08927,,,31.2
Cs2WAgS3Br3,novel,ok,True,-4.299098634406565,11.123226104497771,241.86097106414283,41,62.90057,,,65.2
K2SbCuO3F3,novel,ok,False,-4.77607046422278,8.440987237848836,219.2423962110226,64,-45.91392,,,167.0
K2AgInF3Cl3,novel,ok,True,-3.7040090409631086,9.867806743174754,89.40419346327566,42,-9.0113,,,23.1
Rb2CrMnS3F3,novel,ok,False,-5.303695535621296,9.453386432402118,243.28092002189373,54,-17.29801,,,117.6
Rb2MnZnCl6,novel,ok,True,-3.769567692440419,10.110615050614685,40.397128715020884,14,-23.46791,,,8.5
Cs2GeFeCl6,novel,ok,True,-3.8430665137282505,10.36402299222196,56.52969340428227,16,20.2916,,,8.5
Na2GeCuF3Cl3,novel,ok,True,-3.871490478899252,9.576149886370839,190.3715839453226,27,-23.03039,,,33.5
Rb2FeSbS3F3,novel,ok,True,-4.541223142296834,9.633361299033336,287.99992543675313,55,-16.44537,,,46.0
Na2SbCuO3F3,novel,ok,False,-4.801100825074842,8.180955859483896,228.16024961377136,55,-9.2068,,,95.4
Rb2FeZnCl6,novel,ok,True,-3.5555559239542234,10.040891960579994,73.30196350015194,18,41.32788,,,9.8
K2CrMnS3F3,novel,ok,True,-5.335907450334086,9.24878620801784,251.45144173089395,62,-8.6939,,,38.2
Rb2SnFeS3F3,novel,ok,True,-4.587039080485644,9.548665936429867,277.193247708289,52,14.01146,,,62.0
Cs2BiAgBr6,control_known_mp,ok,True,-2.9726262830983754,11.48257501007096,-5.590527696791359,20,59.35298,0.94906,,8.1
K2SbAgCl6,control_known_mp,ok,True,-3.233453832231528,10.736307917874504,32.19696676362371,20,56.41301,26.0735,,5.7
Rb2SbAgCl6,control_known_mp,ok,True,-3.2435085436422084,10.768727707917398,-2.7676818483346466,21,38.88723,0.0,,8.6
Cs2SbAgCl6,control_known_mp,ok,True,-3.271211692019809,10.866296908885307,-12.469630524751807,25,62.13346,0.0,,8.3
Rb2SbAgBr6,control_known_mp,ok,True,-2.916144763679587,11.3369940668012,13.335379666688851,25,54.99681,20.6137,,22.2
Cs2SbAgBr6,control_known_mp,ok,True,-2.945911050114421,11.422714410977292,-2.345169945422221,24,46.23822,7.38033,,9.9
K2AgInCl6,control_known_mp,ok,True,-3.198309139950193,10.56066780335185,6.0718875562995045,19,84.18076,6.1892,,6.1
Cs2AgInCl6,control_known_mp,ok,True,-3.223283504946552,10.708028763737332,-6.556364568805151,21,101.76127,0.0,,15.2
Rb2BiAgCl6,control_known_mp,ok,True,-3.2712575258494945,10.903257383987373,-49.55028413460249,17,37.15286,0.0,,8.2
Rb2AgInCl6,control_known_mp,ok,True,-3.2042984027196604,10.611063709584414,-51.59813803676316,20,94.42382,0.0,,6.0
K2VMnSe3F3,novel,ok,True,-5.140223598649105,9.630500091818751,177.75217340147088,62,20.18655,,,24.5
